{"Energy": {"holo_ref2015": -161.9635325390051, "ligand_ref2015": {"fa_atr": -16.463871044806975, "fa_rep": 10.9573250243058, "fa_sol": -2.3094229830142794, "fa_intra_rep": 350.71867444880013, "fa_intra_sol_xover4": 0.7285069643295774, "lk_ball_wtd": 0.12749641847092164, "fa_elec": 0.4154122132851788, "pro_close": 0.0, "hbond_sr_bb": 0.0, "hbond_lr_bb": 0.0, "hbond_bb_sc": 0.0, "hbond_sc": 0.0, "dslf_fa13": 0.0, "omega": 0.0, "fa_dun": 0.0, "p_aa_pp": 0.0, "yhh_planarity": 0.0, "ref": 0.0, "rama_prepro": 0.0, "total_score": -9.721756296123385}, "xyz_unbound": -161.9635325390051, "xyz_bound": -161.9635325390051, "xyz_\u2206\u2206G": 0.0, "unbound_ref2015": {"fa_atr": 0.0, "fa_rep": 0.0, "fa_sol": 0.0, "fa_intra_rep": 14.774674466068308, "fa_intra_sol_xover4": 0.9658026576764633, "lk_ball_wtd": 0.0, "fa_elec": 0.0, "pro_close": 0.0, "hbond_sr_bb": 0.0, "hbond_lr_bb": 0.0, "hbond_bb_sc": 0.0, "hbond_sc": 0.0, "dslf_fa13": 0.0, "omega": 0.0, "fa_dun": 0.0, "p_aa_pp": 0.0, "yhh_planarity": 0.0, "ref": 0.0, "rama_prepro": 0.0, "total_score": 1.0396760300068049}}, "mRMSD": 0.7343808238539765, "RMSDs": []}