{"Energy": {"holo_ref2015": 86.39106598245934, "ligand_ref2015": {"fa_atr": -31.145323551431996, "fa_rep": 69.87887695673584, "fa_sol": 4.309258410603231, "fa_intra_rep": 249.7797235656184, "fa_intra_sol_xover4": -0.5024724676015898, "lk_ball_wtd": 0.3566530628206397, "fa_elec": 0.24884386817273962, "pro_close": 0.0, "hbond_sr_bb": 0.0, "hbond_lr_bb": 0.0, "hbond_bb_sc": 0.0, "hbond_sc": -0.7548978858628643, "dslf_fa13": 0.0, "omega": 0.0, "fa_dun": 0.0, "p_aa_pp": 0.0, "yhh_planarity": 0.0, "ref": 0.0, "rama_prepro": 0.0, "total_score": 12.194342380732966}, "xyz_unbound": 87.90086175418503, "xyz_bound": 86.39106598245934, "xyz_\u2206\u2206G": -1.5097957717256918, "unbound_ref2015": {"fa_atr": 0.0, "fa_rep": 0.0, "fa_sol": 0.0, "fa_intra_rep": 16.2540467719542, "fa_intra_sol_xover4": 1.234609833080162, "lk_ball_wtd": 0.0, "fa_elec": 0.0, "pro_close": 0.0, "hbond_sr_bb": 0.0, "hbond_lr_bb": 0.0, "hbond_bb_sc": 0.0, "hbond_sc": 0.0, "dslf_fa13": 0.0, "omega": 0.0, "fa_dun": 0.0, "p_aa_pp": 0.0, "yhh_planarity": 0.0, "ref": 0.0, "rama_prepro": 0.0, "total_score": 1.315880066939933}}, "mRMSD": 1.7661842033038349, "RMSDs": []}