{"Energy": {"holo_ref2015": -181.33998485692007, "ligand_ref2015": {"fa_atr": -17.222502904029433, "fa_rep": 7.7837582533655425, "fa_sol": 1.3465346850012396, "fa_intra_rep": 379.6379525390452, "fa_intra_sol_xover4": 3.757186804137983, "lk_ball_wtd": -0.7632194995283376, "fa_elec": 0.03468764833104912, "pro_close": 0.0, "hbond_sr_bb": 0.0, "hbond_lr_bb": 0.0, "hbond_bb_sc": 0.0, "hbond_sc": 0.0, "dslf_fa13": 0.0, "omega": 0.0, "fa_dun": 0.0, "p_aa_pp": 0.0, "yhh_planarity": 0.0, "ref": 0.0, "rama_prepro": 0.0, "total_score": -6.668056464041223}, "xyz_unbound": -181.33998485692007, "xyz_bound": -181.33998485692007, "xyz_\u2206\u2206G": 0.0, "unbound_ref2015": {"fa_atr": 0.0, "fa_rep": 0.0, "fa_sol": 0.0, "fa_intra_rep": 15.482811967004189, "fa_intra_sol_xover4": 1.1944001076867226, "lk_ball_wtd": 0.0, "fa_elec": 0.0, "pro_close": 0.0, "hbond_sr_bb": 0.0, "hbond_lr_bb": 0.0, "hbond_bb_sc": 0.0, "hbond_sc": 0.0, "dslf_fa13": 0.0, "omega": 0.0, "fa_dun": 0.0, "p_aa_pp": 0.0, "yhh_planarity": 0.0, "ref": 0.0, "rama_prepro": 0.0, "total_score": 1.2718141675217436}}, "mRMSD": 1.247477053897184, "RMSDs": []}