{"Energy": {"holo_ref2015": -113.67206339402533, "ligand_ref2015": {"fa_atr": -15.913802425902022, "fa_rep": 7.8439135244471645, "fa_sol": 6.098079774114734, "fa_intra_rep": 45.89018822013948, "fa_intra_sol_xover4": 0.8311157564272084, "lk_ball_wtd": -0.7126168854121295, "fa_elec": -0.14944236236703495, "pro_close": 0.0, "hbond_sr_bb": 0.0, "hbond_lr_bb": 0.0, "hbond_bb_sc": 0.0, "hbond_sc": 0.0, "dslf_fa13": 0.0, "omega": 0.0, "fa_dun": 0.0, "p_aa_pp": 0.0, "yhh_planarity": 0.0, "ref": 0.0, "rama_prepro": 0.0, "total_score": -5.303062763592605}, "xyz_unbound": -113.67206339402533, "xyz_bound": -113.67206339402533, "xyz_\u2206\u2206G": 0.0, "unbound_ref2015": {"fa_atr": 0.0, "fa_rep": 0.0, "fa_sol": 0.0, "fa_intra_rep": 19.38468799432221, "fa_intra_sol_xover4": 0.9755354203206986, "lk_ball_wtd": 0.0, "fa_elec": 0.0, "pro_close": 0.0, "hbond_sr_bb": 0.0, "hbond_lr_bb": 0.0, "hbond_bb_sc": 0.0, "hbond_sc": 0.0, "dslf_fa13": 0.0, "omega": 0.0, "fa_dun": 0.0, "p_aa_pp": 0.0, "yhh_planarity": 0.0, "ref": 0.0, "rama_prepro": 0.0, "total_score": 1.0724588602923097}}, "mRMSD": 1.6182217685804663, "RMSDs": []}