{"Energy": {"holo_ref2015": -228.89297306147483, "ligand_ref2015": {"fa_atr": -17.058685155007602, "fa_rep": 8.945632979832586, "fa_sol": 1.411828559024279, "fa_intra_rep": 346.4647114695356, "fa_intra_sol_xover4": 2.1489363692604737, "lk_ball_wtd": -0.5530342363525576, "fa_elec": -0.1348998778444242, "pro_close": 0.0, "hbond_sr_bb": 0.0, "hbond_lr_bb": 0.0, "hbond_bb_sc": 0.0, "hbond_sc": 0.0, "dslf_fa13": 0.0, "omega": 0.0, "fa_dun": 0.0, "p_aa_pp": 0.0, "yhh_planarity": 0.0, "ref": 0.0, "rama_prepro": 0.0, "total_score": -7.53343264466423}, "xyz_unbound": -228.89297306147483, "xyz_bound": -228.89297306147483, "xyz_\u2206\u2206G": 0.0, "unbound_ref2015": {"fa_atr": 0.0, "fa_rep": 0.0, "fa_sol": 0.0, "fa_intra_rep": 13.815668712535913, "fa_intra_sol_xover4": 1.057466296565007, "lk_ball_wtd": 0.0, "fa_elec": 0.0, "pro_close": 0.0, "hbond_sr_bb": 0.0, "hbond_lr_bb": 0.0, "hbond_bb_sc": 0.0, "hbond_sc": 0.0, "dslf_fa13": 0.0, "omega": 0.0, "fa_dun": 0.0, "p_aa_pp": 0.0, "yhh_planarity": 0.0, "ref": 0.0, "rama_prepro": 0.0, "total_score": 1.1265446401276866}}, "mRMSD": 1.5265992106640172, "RMSDs": []}