{"Energy": {"holo_ref2015": -194.08707941770257, "ligand_ref2015": {"fa_atr": -17.382616646356922, "fa_rep": 9.756992922662329, "fa_sol": 1.5470679746415021, "fa_intra_rep": 328.1103314164966, "fa_intra_sol_xover4": 2.8300577856021123, "lk_ball_wtd": -0.5116991662269103, "fa_elec": -0.1467377129247994, "pro_close": 0.0, "hbond_sr_bb": 0.0, "hbond_lr_bb": 0.0, "hbond_bb_sc": 0.0, "hbond_sc": 0.0, "dslf_fa13": 0.0, "omega": 0.0, "fa_dun": 0.0, "p_aa_pp": 0.0, "yhh_planarity": 0.0, "ref": 0.0, "rama_prepro": 0.0, "total_score": -6.657030000718254}, "xyz_unbound": -194.08707941770257, "xyz_bound": -194.08707941770257, "xyz_\u2206\u2206G": 0.0, "unbound_ref2015": {"fa_atr": 0.0, "fa_rep": 0.0, "fa_sol": 0.0, "fa_intra_rep": 13.60937481632538, "fa_intra_sol_xover4": 1.4743127598354544, "lk_ball_wtd": 0.0, "fa_elec": 0.0, "pro_close": 0.0, "hbond_sr_bb": 0.0, "hbond_lr_bb": 0.0, "hbond_bb_sc": 0.0, "hbond_sc": 0.0, "dslf_fa13": 0.0, "omega": 0.0, "fa_dun": 0.0, "p_aa_pp": 0.0, "yhh_planarity": 0.0, "ref": 0.0, "rama_prepro": 0.0, "total_score": 1.5423596339170813}}, "mRMSD": 1.4762224550663454, "RMSDs": []}