{"Energy": {"holo_ref2015": -150.0037591746665, "ligand_ref2015": {"fa_atr": -14.860507816508408, "fa_rep": 5.241743012604771, "fa_sol": 2.058302438285034, "fa_intra_rep": 56.22151552670516, "fa_intra_sol_xover4": 0.10006903346954484, "lk_ball_wtd": -0.5037065999225203, "fa_elec": -0.5100490194488385, "pro_close": 0.0, "hbond_sr_bb": 0.0, "hbond_lr_bb": 0.0, "hbond_bb_sc": 0.0, "hbond_sc": -0.5982187922083444, "dslf_fa13": 0.0, "omega": 0.0, "fa_dun": 0.0, "p_aa_pp": 0.0, "yhh_planarity": 0.0, "ref": 0.0, "rama_prepro": 0.0, "total_score": -11.150044521767382}, "xyz_unbound": -148.8073215902498, "xyz_bound": -150.0037591746665, "xyz_\u2206\u2206G": -1.1964375844166852, "unbound_ref2015": {"fa_atr": 0.0, "fa_rep": 0.0, "fa_sol": 0.0, "fa_intra_rep": 14.430929845043137, "fa_intra_sol_xover4": 1.1339583301148908, "lk_ball_wtd": 0.0, "fa_elec": 0.0, "pro_close": 0.0, "hbond_sr_bb": 0.0, "hbond_lr_bb": 0.0, "hbond_bb_sc": 0.0, "hbond_sc": 0.0, "dslf_fa13": 0.0, "omega": 0.0, "fa_dun": 0.0, "p_aa_pp": 0.0, "yhh_planarity": 0.0, "ref": 0.0, "rama_prepro": 0.0, "total_score": 1.2061129793401064}}, "mRMSD": 1.6612791873919146, "RMSDs": []}