{"Energy": {"holo_ref2015": -144.23002893918252, "ligand_ref2015": {"fa_atr": -19.917967900487174, "fa_rep": 11.50819603117752, "fa_sol": 3.501053584088364, "fa_intra_rep": 1735.9680555122457, "fa_intra_sol_xover4": 0.6398634396367504, "lk_ball_wtd": -0.41356347570579105, "fa_elec": -0.42360438606207534, "pro_close": 0.0, "hbond_sr_bb": 0.0, "hbond_lr_bb": 0.0, "hbond_bb_sc": -0.4163694716038612, "hbond_sc": 0.0, "dslf_fa13": 0.0, "omega": 0.0, "fa_dun": 0.0, "p_aa_pp": 0.0, "yhh_planarity": 0.0, "ref": 0.0, "rama_prepro": 0.0, "total_score": -2.0212401154249227}, "xyz_unbound": -143.39728999597483, "xyz_bound": -144.23002893918252, "xyz_\u2206\u2206G": -0.832738943207687, "unbound_ref2015": {"fa_atr": 0.0, "fa_rep": 0.0, "fa_sol": 0.0, "fa_intra_rep": 21.243876079454445, "fa_intra_sol_xover4": 1.9358099217995506, "lk_ball_wtd": 0.0, "fa_elec": 0.0, "pro_close": 0.0, "hbond_sr_bb": 0.0, "hbond_lr_bb": 0.0, "hbond_bb_sc": 0.0, "hbond_sc": 0.0, "dslf_fa13": 0.0, "omega": 0.0, "fa_dun": 0.0, "p_aa_pp": 0.0, "yhh_planarity": 0.0, "ref": 0.0, "rama_prepro": 0.0, "total_score": 2.042029302196823}}, "mRMSD": 1.8059540645690118, "RMSDs": []}