{"Energy": {"holo_ref2015": -177.93579860941074, "ligand_ref2015": {"fa_atr": -16.90827155477869, "fa_rep": 12.768145515093119, "fa_sol": -1.7661991842650604, "fa_intra_rep": 322.1630868715389, "fa_intra_sol_xover4": 1.0706550824624466, "lk_ball_wtd": -0.10427817183334544, "fa_elec": 0.3508473796147691, "pro_close": 0.0, "hbond_sr_bb": 0.0, "hbond_lr_bb": 0.0, "hbond_bb_sc": 0.0, "hbond_sc": 0.0, "dslf_fa13": 0.0, "omega": 0.0, "fa_dun": 0.0, "p_aa_pp": 0.0, "yhh_planarity": 0.0, "ref": 0.0, "rama_prepro": 0.0, "total_score": -8.723950981140968}, "xyz_unbound": -177.93579860941074, "xyz_bound": -177.93579860941074, "xyz_\u2206\u2206G": 0.0, "unbound_ref2015": {"fa_atr": 0.0, "fa_rep": 0.0, "fa_sol": 0.0, "fa_intra_rep": 19.922020901967528, "fa_intra_sol_xover4": 1.2346116713252544, "lk_ball_wtd": 0.0, "fa_elec": 0.0, "pro_close": 0.0, "hbond_sr_bb": 0.0, "hbond_lr_bb": 0.0, "hbond_bb_sc": 0.0, "hbond_sc": 0.0, "dslf_fa13": 0.0, "omega": 0.0, "fa_dun": 0.0, "p_aa_pp": 0.0, "yhh_planarity": 0.0, "ref": 0.0, "rama_prepro": 0.0, "total_score": 1.334221775835092}}, "mRMSD": 0.8540267365057536, "RMSDs": []}