{"Energy": {"holo_ref2015": -198.73415866347338, "ligand_ref2015": {"fa_atr": -17.106065398645125, "fa_rep": 5.824192682893469, "fa_sol": -0.5887157456753621, "fa_intra_rep": 71.35044009304461, "fa_intra_sol_xover4": 0.6376069850867182, "lk_ball_wtd": 0.44010129646722, "fa_elec": -0.394754135295929, "pro_close": 0.0, "hbond_sr_bb": 0.0, "hbond_lr_bb": 0.0, "hbond_bb_sc": 0.0, "hbond_sc": -0.9952505829753222, "dslf_fa13": 0.0, "omega": 0.0, "fa_dun": 0.0, "p_aa_pp": 0.0, "yhh_planarity": 0.0, "ref": 0.0, "rama_prepro": 0.0, "total_score": -14.447019404981168}, "xyz_unbound": -196.74365749752266, "xyz_bound": -198.73415866347338, "xyz_\u2206\u2206G": -1.9905011659507181, "unbound_ref2015": {"fa_atr": 0.0, "fa_rep": 0.0, "fa_sol": 0.0, "fa_intra_rep": 14.139607954654286, "fa_intra_sol_xover4": 1.0584461465452026, "lk_ball_wtd": 0.0, "fa_elec": 0.0, "pro_close": 0.0, "hbond_sr_bb": 0.0, "hbond_lr_bb": 0.0, "hbond_bb_sc": 0.0, "hbond_sc": 0.0, "dslf_fa13": 0.0, "omega": 0.0, "fa_dun": 0.0, "p_aa_pp": 0.0, "yhh_planarity": 0.0, "ref": 0.0, "rama_prepro": 0.0, "total_score": 1.1291441863184741}}, "mRMSD": 0.9822117897887398, "RMSDs": []}