{"Energy": {"holo_ref2015": 68.58194732492177, "ligand_ref2015": {"fa_atr": -18.377551585600067, "fa_rep": 11.90589280465133, "fa_sol": -2.5258477707394484, "fa_intra_rep": 894.8470095663453, "fa_intra_sol_xover4": 0.7071570378801522, "lk_ball_wtd": -0.19044524801067908, "fa_elec": 0.27374654581859115, "pro_close": 0.0, "hbond_sr_bb": 0.0, "hbond_lr_bb": 0.0, "hbond_bb_sc": 0.0, "hbond_sc": 0.0, "dslf_fa13": 0.0, "omega": 0.0, "fa_dun": 0.0, "p_aa_pp": 0.0, "yhh_planarity": 0.0, "ref": 0.0, "rama_prepro": 0.0, "total_score": -9.090464930261492}, "xyz_unbound": 68.58194732492177, "xyz_bound": 68.58194732492177, "xyz_\u2206\u2206G": 0.0, "unbound_ref2015": {"fa_atr": 0.0, "fa_rep": 0.0, "fa_sol": 0.0, "fa_intra_rep": 21.284446275489525, "fa_intra_sol_xover4": 1.267573409065868, "lk_ball_wtd": 0.0, "fa_elec": 0.0, "pro_close": 0.0, "hbond_sr_bb": 0.0, "hbond_lr_bb": 0.0, "hbond_bb_sc": 0.0, "hbond_sc": 0.0, "dslf_fa13": 0.0, "omega": 0.0, "fa_dun": 0.0, "p_aa_pp": 0.0, "yhh_planarity": 0.0, "ref": 0.0, "rama_prepro": 0.0, "total_score": 1.3739956404433156}}, "mRMSD": 0.3773828000555645, "RMSDs": []}