{"Energy": {"holo_ref2015": -140.8345557415706, "ligand_ref2015": {"fa_atr": -19.00405474572935, "fa_rep": 15.274607536566672, "fa_sol": -0.8706184785779902, "fa_intra_rep": 1064.1306656745228, "fa_intra_sol_xover4": 3.800967377750349, "lk_ball_wtd": 0.06107263793394499, "fa_elec": 0.10832321067977572, "pro_close": 0.0, "hbond_sr_bb": 0.0, "hbond_lr_bb": 0.0, "hbond_bb_sc": 0.0, "hbond_sc": 0.0, "dslf_fa13": 0.0, "omega": 0.0, "fa_dun": 0.0, "p_aa_pp": 0.0, "yhh_planarity": 0.0, "ref": 0.0, "rama_prepro": 0.0, "total_score": -2.1826225244589854}, "xyz_unbound": -140.8345557415706, "xyz_bound": -140.8345557415706, "xyz_\u2206\u2206G": 0.0, "unbound_ref2015": {"fa_atr": 0.0, "fa_rep": 0.0, "fa_sol": 0.0, "fa_intra_rep": 18.72052422466571, "fa_intra_sol_xover4": 0.508813489841494, "lk_ball_wtd": 0.0, "fa_elec": 0.0, "pro_close": 0.0, "hbond_sr_bb": 0.0, "hbond_lr_bb": 0.0, "hbond_bb_sc": 0.0, "hbond_sc": 0.0, "dslf_fa13": 0.0, "omega": 0.0, "fa_dun": 0.0, "p_aa_pp": 0.0, "yhh_planarity": 0.0, "ref": 0.0, "rama_prepro": 0.0, "total_score": 0.6024161109648225}}, "mRMSD": 1.6614310337778098, "RMSDs": []}