{"Energy": {"holo_ref2015": -156.05049500996435, "ligand_ref2015": {"fa_atr": -22.165826056560824, "fa_rep": 16.141434916777595, "fa_sol": 2.0688922121150304, "fa_intra_rep": 872.4797355799702, "fa_intra_sol_xover4": 0.7231153624843266, "lk_ball_wtd": -0.24236634891642006, "fa_elec": 0.16373900643179162, "pro_close": 0.0, "hbond_sr_bb": 0.0, "hbond_lr_bb": 0.0, "hbond_bb_sc": 0.0, "hbond_sc": 0.0, "dslf_fa13": 0.0, "omega": 0.0, "fa_dun": 0.0, "p_aa_pp": 0.0, "yhh_planarity": 0.0, "ref": 0.0, "rama_prepro": 0.0, "total_score": -6.212257942318565}, "xyz_unbound": -156.05049500996435, "xyz_bound": -156.05049500996435, "xyz_\u2206\u2206G": 0.0, "unbound_ref2015": {"fa_atr": 0.0, "fa_rep": 0.0, "fa_sol": 0.0, "fa_intra_rep": 22.05839814939569, "fa_intra_sol_xover4": 1.5635645300605119, "lk_ball_wtd": 0.0, "fa_elec": 0.0, "pro_close": 0.0, "hbond_sr_bb": 0.0, "hbond_lr_bb": 0.0, "hbond_bb_sc": 0.0, "hbond_sc": 0.0, "dslf_fa13": 0.0, "omega": 0.0, "fa_dun": 0.0, "p_aa_pp": 0.0, "yhh_planarity": 0.0, "ref": 0.0, "rama_prepro": 0.0, "total_score": 1.6738565208074903}}, "mRMSD": 2.272266709697611, "RMSDs": []}