{"Energy": {"holo_ref2015": -199.38272932060866, "ligand_ref2015": {"fa_atr": -18.701311099755884, "fa_rep": 11.819556185865785, "fa_sol": -2.7496063357785, "fa_intra_rep": 198.9724559157456, "fa_intra_sol_xover4": 1.392419569800437, "lk_ball_wtd": -0.29329873796972195, "fa_elec": 0.24426904950069783, "pro_close": 0.0, "hbond_sr_bb": 0.0, "hbond_lr_bb": 0.0, "hbond_bb_sc": 0.0, "hbond_sc": 0.0, "dslf_fa13": 0.0, "omega": 0.0, "fa_dun": 0.0, "p_aa_pp": 0.0, "yhh_planarity": 0.0, "ref": 0.0, "rama_prepro": 0.0, "total_score": -12.611909372398063}, "xyz_unbound": -199.38272932060866, "xyz_bound": -199.38272932060866, "xyz_\u2206\u2206G": 0.0, "unbound_ref2015": {"fa_atr": 0.0, "fa_rep": 0.0, "fa_sol": 0.0, "fa_intra_rep": 19.393739051647994, "fa_intra_sol_xover4": 1.3254132468017903, "lk_ball_wtd": 0.0, "fa_elec": 0.0, "pro_close": 0.0, "hbond_sr_bb": 0.0, "hbond_lr_bb": 0.0, "hbond_bb_sc": 0.0, "hbond_sc": 0.0, "dslf_fa13": 0.0, "omega": 0.0, "fa_dun": 0.0, "p_aa_pp": 0.0, "yhh_planarity": 0.0, "ref": 0.0, "rama_prepro": 0.0, "total_score": 1.4223819420600303}}, "mRMSD": 0.39089533978632635, "RMSDs": []}