{"Energy": {"holo_ref2015": 191.08854955203532, "ligand_ref2015": {"fa_atr": -27.726779991535043, "fa_rep": 149.32196514172261, "fa_sol": 5.29921936375159, "fa_intra_rep": 249.6295543863655, "fa_intra_sol_xover4": 1.3837504037163766, "lk_ball_wtd": -0.7088992317247566, "fa_elec": 0.22588546259918024, "pro_close": 0.0, "hbond_sr_bb": 0.0, "hbond_lr_bb": 0.0, "hbond_bb_sc": 0.0, "hbond_sc": 0.0, "dslf_fa13": 0.0, "omega": 0.0, "fa_dun": 0.0, "p_aa_pp": 0.0, "yhh_planarity": 0.0, "ref": 0.0, "rama_prepro": 0.0, "total_score": 61.848404606686614}, "xyz_unbound": 191.08854955203532, "xyz_bound": 191.08854955203532, "xyz_\u2206\u2206G": 0.0, "unbound_ref2015": {"fa_atr": 0.0, "fa_rep": 0.0, "fa_sol": 0.0, "fa_intra_rep": 20.651075566774164, "fa_intra_sol_xover4": 1.1636992022568735, "lk_ball_wtd": 0.0, "fa_elec": 0.0, "pro_close": 0.0, "hbond_sr_bb": 0.0, "hbond_lr_bb": 0.0, "hbond_bb_sc": 0.0, "hbond_sc": 0.0, "dslf_fa13": 0.0, "omega": 0.0, "fa_dun": 0.0, "p_aa_pp": 0.0, "yhh_planarity": 0.0, "ref": 0.0, "rama_prepro": 0.0, "total_score": 1.2669545800907442}}, "mRMSD": 2.7774423286341867, "RMSDs": []}