{"Energy": {"holo_ref2015": -174.81040027005847, "ligand_ref2015": {"fa_atr": -20.431137455471156, "fa_rep": 15.442239695037742, "fa_sol": -3.600140296046435, "fa_intra_rep": 609.2636283127162, "fa_intra_sol_xover4": -1.0206131523218216, "lk_ball_wtd": -0.27506377123805803, "fa_elec": 0.3330189258598681, "pro_close": 0.0, "hbond_sr_bb": 0.0, "hbond_lr_bb": 0.0, "hbond_bb_sc": 0.0, "hbond_sc": 0.0, "dslf_fa13": 0.0, "omega": 0.0, "fa_dun": 0.0, "p_aa_pp": 0.0, "yhh_planarity": 0.0, "ref": 0.0, "rama_prepro": 0.0, "total_score": -13.454385775383264}, "xyz_unbound": -174.81040027005847, "xyz_bound": -174.81040027005847, "xyz_\u2206\u2206G": 0.0, "unbound_ref2015": {"fa_atr": 0.0, "fa_rep": 0.0, "fa_sol": 0.0, "fa_intra_rep": 23.065570731647806, "fa_intra_sol_xover4": 0.4226205510696072, "lk_ball_wtd": 0.0, "fa_elec": 0.0, "pro_close": 0.0, "hbond_sr_bb": 0.0, "hbond_lr_bb": 0.0, "hbond_bb_sc": 0.0, "hbond_sc": 0.0, "dslf_fa13": 0.0, "omega": 0.0, "fa_dun": 0.0, "p_aa_pp": 0.0, "yhh_planarity": 0.0, "ref": 0.0, "rama_prepro": 0.0, "total_score": 0.5379484047278462}}, "mRMSD": 0.42056734168131726, "RMSDs": []}