{"Energy": {"holo_ref2015": 82.88067231875003, "ligand_ref2015": {"fa_atr": -14.881633238735013, "fa_rep": 5.452344968443936, "fa_sol": -0.7897218496218311, "fa_intra_rep": 75.24798757931976, "fa_intra_sol_xover4": 1.173994312655557, "lk_ball_wtd": -0.46072509370095277, "fa_elec": -0.04630761533661447, "pro_close": 0.0, "hbond_sr_bb": 0.0, "hbond_lr_bb": 0.0, "hbond_bb_sc": 0.0, "hbond_sc": -0.7760252057407413, "dslf_fa13": 0.0, "omega": 0.0, "fa_dun": 0.0, "p_aa_pp": 0.0, "yhh_planarity": 0.0, "ref": 0.0, "rama_prepro": 0.0, "total_score": -12.40538901993883}, "xyz_unbound": 84.43272273023148, "xyz_bound": 82.88067231875003, "xyz_\u2206\u2206G": -1.5520504114814457, "unbound_ref2015": {"fa_atr": 0.0, "fa_rep": 0.0, "fa_sol": 0.0, "fa_intra_rep": 14.925671572458475, "fa_intra_sol_xover4": 1.0421432339390102, "lk_ball_wtd": 0.0, "fa_elec": 0.0, "pro_close": 0.0, "hbond_sr_bb": 0.0, "hbond_lr_bb": 0.0, "hbond_bb_sc": 0.0, "hbond_sc": 0.0, "dslf_fa13": 0.0, "omega": 0.0, "fa_dun": 0.0, "p_aa_pp": 0.0, "yhh_planarity": 0.0, "ref": 0.0, "rama_prepro": 0.0, "total_score": 1.1167715918013026}}, "mRMSD": 0.9912082525887287, "RMSDs": []}