{"Energy": {"holo_ref2015": -142.60767201144714, "ligand_ref2015": {"fa_atr": -18.495543874811577, "fa_rep": 11.535184512994269, "fa_sol": 5.316073783402103, "fa_intra_rep": 121.13701604721629, "fa_intra_sol_xover4": 1.5081359647967076, "lk_ball_wtd": -0.5892273382332316, "fa_elec": -0.20877423771435744, "pro_close": 0.0, "hbond_sr_bb": 0.0, "hbond_lr_bb": 0.0, "hbond_bb_sc": 0.0, "hbond_sc": 0.0, "dslf_fa13": 0.0, "omega": 0.0, "fa_dun": 0.0, "p_aa_pp": 0.0, "yhh_planarity": 0.0, "ref": 0.0, "rama_prepro": 0.0, "total_score": -5.519299140177427}, "xyz_unbound": -142.60767201144714, "xyz_bound": -142.60767201144714, "xyz_\u2206\u2206G": 0.0, "unbound_ref2015": {"fa_atr": 0.0, "fa_rep": 0.0, "fa_sol": 0.0, "fa_intra_rep": 18.71426131973286, "fa_intra_sol_xover4": 0.6594690332320908, "lk_ball_wtd": 0.0, "fa_elec": 0.0, "pro_close": 0.0, "hbond_sr_bb": 0.0, "hbond_lr_bb": 0.0, "hbond_bb_sc": 0.0, "hbond_sc": 0.0, "dslf_fa13": 0.0, "omega": 0.0, "fa_dun": 0.0, "p_aa_pp": 0.0, "yhh_planarity": 0.0, "ref": 0.0, "rama_prepro": 0.0, "total_score": 0.7530403398307551}}, "mRMSD": 1.5414780476635304, "RMSDs": []}