{"Energy": {"holo_ref2015": -285.25203321807993, "ligand_ref2015": {"fa_atr": -19.07328840215004, "fa_rep": 15.91220931815469, "fa_sol": 1.7406494581216452, "fa_intra_rep": 96.81171397262236, "fa_intra_sol_xover4": 3.6600092973296108, "lk_ball_wtd": -0.11766331854542843, "fa_elec": 0.11086553171890622, "pro_close": 0.0, "hbond_sr_bb": 0.0, "hbond_lr_bb": 0.0, "hbond_bb_sc": 0.0, "hbond_sc": 0.0, "dslf_fa13": 0.0, "omega": 0.0, "fa_dun": 0.0, "p_aa_pp": 0.0, "yhh_planarity": 0.0, "ref": 0.0, "rama_prepro": 0.0, "total_score": -4.443653738677115}, "xyz_unbound": -285.25203321807993, "xyz_bound": -285.25203321807993, "xyz_\u2206\u2206G": 0.0, "unbound_ref2015": {"fa_atr": 0.0, "fa_rep": 0.0, "fa_sol": 0.0, "fa_intra_rep": 13.274741953812152, "fa_intra_sol_xover4": 0.8625311145857699, "lk_ball_wtd": 0.0, "fa_elec": 0.0, "pro_close": 0.0, "hbond_sr_bb": 0.0, "hbond_lr_bb": 0.0, "hbond_bb_sc": 0.0, "hbond_sc": 0.0, "dslf_fa13": 0.0, "omega": 0.0, "fa_dun": 0.0, "p_aa_pp": 0.0, "yhh_planarity": 0.0, "ref": 0.0, "rama_prepro": 0.0, "total_score": 0.9289048243548307}}, "mRMSD": 0.5666916661152209, "RMSDs": []}