{"Energy": {"holo_ref2015": -188.424171496733, "ligand_ref2015": {"fa_atr": -20.544424602363918, "fa_rep": 19.03727337902963, "fa_sol": -3.545347747860682, "fa_intra_rep": 592.3228608199794, "fa_intra_sol_xover4": -0.7365406258265027, "lk_ball_wtd": 0.06953968797750175, "fa_elec": 0.2749402091586071, "pro_close": 0.0, "hbond_sr_bb": 0.0, "hbond_lr_bb": 0.0, "hbond_bb_sc": 0.0, "hbond_sc": 0.0, "dslf_fa13": 0.0, "omega": 0.0, "fa_dun": 0.0, "p_aa_pp": 0.0, "yhh_planarity": 0.0, "ref": 0.0, "rama_prepro": 0.0, "total_score": -11.0497184163488}, "xyz_unbound": -188.424171496733, "xyz_bound": -188.424171496733, "xyz_\u2206\u2206G": 0.0, "unbound_ref2015": {"fa_atr": 0.0, "fa_rep": 0.0, "fa_sol": 0.0, "fa_intra_rep": 19.23671495980919, "fa_intra_sol_xover4": 0.7497807414290741, "lk_ball_wtd": 0.0, "fa_elec": 0.0, "pro_close": 0.0, "hbond_sr_bb": 0.0, "hbond_lr_bb": 0.0, "hbond_bb_sc": 0.0, "hbond_sc": 0.0, "dslf_fa13": 0.0, "omega": 0.0, "fa_dun": 0.0, "p_aa_pp": 0.0, "yhh_planarity": 0.0, "ref": 0.0, "rama_prepro": 0.0, "total_score": 0.8459643162281201}}, "mRMSD": 0.7767470809586462, "RMSDs": []}