{"Energy": {"holo_ref2015": -190.71882874130137, "ligand_ref2015": {"fa_atr": -19.17544167277174, "fa_rep": 8.352816867639417, "fa_sol": 2.3453858015478724, "fa_intra_rep": 230.64829744172755, "fa_intra_sol_xover4": 2.06286157110611, "lk_ball_wtd": -0.4191997346804319, "fa_elec": -0.3459845550979051, "pro_close": 0.0, "hbond_sr_bb": 0.0, "hbond_lr_bb": 0.0, "hbond_bb_sc": 0.0, "hbond_sc": 0.0, "dslf_fa13": 0.0, "omega": 0.0, "fa_dun": 0.0, "p_aa_pp": 0.0, "yhh_planarity": 0.0, "ref": 0.0, "rama_prepro": 0.0, "total_score": -9.785087825485776}, "xyz_unbound": -190.71882874130137, "xyz_bound": -190.71882874130137, "xyz_\u2206\u2206G": 0.0, "unbound_ref2015": {"fa_atr": 0.0, "fa_rep": 0.0, "fa_sol": 0.0, "fa_intra_rep": 14.710083140734419, "fa_intra_sol_xover4": 1.4156659398696823, "lk_ball_wtd": 0.0, "fa_elec": 0.0, "pro_close": 0.0, "hbond_sr_bb": 0.0, "hbond_lr_bb": 0.0, "hbond_bb_sc": 0.0, "hbond_sc": 0.0, "dslf_fa13": 0.0, "omega": 0.0, "fa_dun": 0.0, "p_aa_pp": 0.0, "yhh_planarity": 0.0, "ref": 0.0, "rama_prepro": 0.0, "total_score": 1.4892163555733544}}, "mRMSD": 1.321920293799098, "RMSDs": []}