{"Energy": {"holo_ref2015": -140.48517657722113, "ligand_ref2015": {"fa_atr": -21.74023022380189, "fa_rep": 22.97057134325661, "fa_sol": -3.4006261865395393, "fa_intra_rep": 527.4619703646516, "fa_intra_sol_xover4": 0.24334961669280164, "lk_ball_wtd": -0.25082399722488813, "fa_elec": 0.30348389049616487, "pro_close": 0.0, "hbond_sr_bb": 0.0, "hbond_lr_bb": 0.0, "hbond_bb_sc": 0.0, "hbond_sc": 0.0, "dslf_fa13": 0.0, "omega": 0.0, "fa_dun": 0.0, "p_aa_pp": 0.0, "yhh_planarity": 0.0, "ref": 0.0, "rama_prepro": 0.0, "total_score": -9.573722809762959}, "xyz_unbound": -140.48517657722113, "xyz_bound": -140.48517657722113, "xyz_\u2206\u2206G": 0.0, "unbound_ref2015": {"fa_atr": 0.0, "fa_rep": 0.0, "fa_sol": 0.0, "fa_intra_rep": 24.852617972172443, "fa_intra_sol_xover4": 0.5376639193811097, "lk_ball_wtd": 0.0, "fa_elec": 0.0, "pro_close": 0.0, "hbond_sr_bb": 0.0, "hbond_lr_bb": 0.0, "hbond_bb_sc": 0.0, "hbond_sc": 0.0, "dslf_fa13": 0.0, "omega": 0.0, "fa_dun": 0.0, "p_aa_pp": 0.0, "yhh_planarity": 0.0, "ref": 0.0, "rama_prepro": 0.0, "total_score": 0.6619270092419719}}, "mRMSD": 0.3960729450212141, "RMSDs": []}