{"Energy": {"holo_ref2015": -223.85118959097585, "ligand_ref2015": {"fa_atr": -15.499278904352257, "fa_rep": 10.96950741408234, "fa_sol": 1.9355900619895445, "fa_intra_rep": 425.13822907605663, "fa_intra_sol_xover4": 4.161256458751623, "lk_ball_wtd": -0.7009070648034457, "fa_elec": -0.09093574042260127, "pro_close": 0.0, "hbond_sr_bb": 0.0, "hbond_lr_bb": 0.0, "hbond_bb_sc": 0.0, "hbond_sc": 0.0, "dslf_fa13": 0.0, "omega": 0.0, "fa_dun": 0.0, "p_aa_pp": 0.0, "yhh_planarity": 0.0, "ref": 0.0, "rama_prepro": 0.0, "total_score": -2.035354965711566}, "xyz_unbound": -223.85118959097585, "xyz_bound": -223.85118959097585, "xyz_\u2206\u2206G": 0.0, "unbound_ref2015": {"fa_atr": 0.0, "fa_rep": 0.0, "fa_sol": 0.0, "fa_intra_rep": 14.719438955364305, "fa_intra_sol_xover4": 2.443255493851025, "lk_ball_wtd": 0.0, "fa_elec": 0.0, "pro_close": 0.0, "hbond_sr_bb": 0.0, "hbond_lr_bb": 0.0, "hbond_bb_sc": 0.0, "hbond_sc": 0.0, "dslf_fa13": 0.0, "omega": 0.0, "fa_dun": 0.0, "p_aa_pp": 0.0, "yhh_planarity": 0.0, "ref": 0.0, "rama_prepro": 0.0, "total_score": 2.516852688627847}}, "mRMSD": 1.2521926663593792, "RMSDs": []}