{"Energy": {"holo_ref2015": -183.05582366206832, "ligand_ref2015": {"fa_atr": -15.890803824878557, "fa_rep": 7.059004371001048, "fa_sol": -2.0577527249156087, "fa_intra_rep": 200.81157874441476, "fa_intra_sol_xover4": 0.9334296099686321, "lk_ball_wtd": -0.4004428172519695, "fa_elec": -0.3923255079393919, "pro_close": 0.0, "hbond_sr_bb": 0.0, "hbond_lr_bb": 0.0, "hbond_bb_sc": 0.0, "hbond_sc": 0.0, "dslf_fa13": 0.0, "omega": 0.0, "fa_dun": 0.0, "p_aa_pp": 0.0, "yhh_planarity": 0.0, "ref": 0.0, "rama_prepro": 0.0, "total_score": -12.921384967244244}, "xyz_unbound": -183.05582366206832, "xyz_bound": -183.05582366206832, "xyz_\u2206\u2206G": 0.0, "unbound_ref2015": {"fa_atr": 0.0, "fa_rep": 0.0, "fa_sol": 0.0, "fa_intra_rep": 13.25172534473896, "fa_intra_sol_xover4": 0.9800640039286169, "lk_ball_wtd": 0.0, "fa_elec": 0.0, "pro_close": 0.0, "hbond_sr_bb": 0.0, "hbond_lr_bb": 0.0, "hbond_bb_sc": 0.0, "hbond_sc": 0.0, "dslf_fa13": 0.0, "omega": 0.0, "fa_dun": 0.0, "p_aa_pp": 0.0, "yhh_planarity": 0.0, "ref": 0.0, "rama_prepro": 0.0, "total_score": 1.0463226306523117}}, "mRMSD": 0.34735800456205584, "RMSDs": []}