{"Energy": {"holo_ref2015": -213.02030420026284, "ligand_ref2015": {"fa_atr": -16.466793014204953, "fa_rep": 8.58067633579635, "fa_sol": 1.661605410130076, "fa_intra_rep": 1432.5262234291583, "fa_intra_sol_xover4": 4.237990752121253, "lk_ball_wtd": -0.2825709324534277, "fa_elec": -0.008615164746601435, "pro_close": 0.0, "hbond_sr_bb": 0.0, "hbond_lr_bb": 0.0, "hbond_bb_sc": 0.0, "hbond_sc": -0.5416934426287939, "dslf_fa13": 0.0, "omega": 0.0, "fa_dun": 0.0, "p_aa_pp": 0.0, "yhh_planarity": 0.0, "ref": 0.0, "rama_prepro": 0.0, "total_score": 0.481926710051337}, "xyz_unbound": -211.93691731500525, "xyz_bound": -213.02030420026284, "xyz_\u2206\u2206G": -1.083386885257596, "unbound_ref2015": {"fa_atr": 0.0, "fa_rep": 0.0, "fa_sol": 0.0, "fa_intra_rep": 14.592686815569275, "fa_intra_sol_xover4": 1.1165236591516492, "lk_ball_wtd": 0.0, "fa_elec": 0.0, "pro_close": 0.0, "hbond_sr_bb": 0.0, "hbond_lr_bb": 0.0, "hbond_bb_sc": 0.0, "hbond_sc": 0.0, "dslf_fa13": 0.0, "omega": 0.0, "fa_dun": 0.0, "p_aa_pp": 0.0, "yhh_planarity": 0.0, "ref": 0.0, "rama_prepro": 0.0, "total_score": 1.1894870932294956}}, "mRMSD": 1.4650779687598376, "RMSDs": []}