{"Energy": {"holo_ref2015": -210.4305291367669, "ligand_ref2015": {"fa_atr": -19.564046456735724, "fa_rep": 9.82276639930023, "fa_sol": -2.620188311527521, "fa_intra_rep": 276.4506434184449, "fa_intra_sol_xover4": 0.4491494272182254, "lk_ball_wtd": -0.2710756139589169, "fa_elec": 0.2739059441378844, "pro_close": 0.0, "hbond_sr_bb": 0.0, "hbond_lr_bb": 0.0, "hbond_bb_sc": 0.0, "hbond_sc": 0.0, "dslf_fa13": 0.0, "omega": 0.0, "fa_dun": 0.0, "p_aa_pp": 0.0, "yhh_planarity": 0.0, "ref": 0.0, "rama_prepro": 0.0, "total_score": -14.9474802741587}, "xyz_unbound": -210.4305291367669, "xyz_bound": -210.4305291367669, "xyz_\u2206\u2206G": 0.0, "unbound_ref2015": {"fa_atr": 0.0, "fa_rep": 0.0, "fa_sol": 0.0, "fa_intra_rep": 17.61623977837739, "fa_intra_sol_xover4": 1.8311395921027291, "lk_ball_wtd": 0.0, "fa_elec": 0.0, "pro_close": 0.0, "hbond_sr_bb": 0.0, "hbond_lr_bb": 0.0, "hbond_bb_sc": 0.0, "hbond_sc": 0.0, "dslf_fa13": 0.0, "omega": 0.0, "fa_dun": 0.0, "p_aa_pp": 0.0, "yhh_planarity": 0.0, "ref": 0.0, "rama_prepro": 0.0, "total_score": 1.9192207909946162}}, "mRMSD": 0.9606388678805156, "RMSDs": []}