{"Energy": {"holo_ref2015": -228.33326843491864, "ligand_ref2015": {"fa_atr": -4.609146977279847, "fa_rep": 1.2658687820980215, "fa_sol": 0.1449408485760535, "fa_intra_rep": 18.713352206437364, "fa_intra_sol_xover4": 0.5711842955005854, "lk_ball_wtd": 0.016887630025278363, "fa_elec": -0.14977279329140397, "pro_close": 0.0, "hbond_sr_bb": 0.0, "hbond_lr_bb": 0.0, "hbond_bb_sc": 0.0, "hbond_sc": 0.0, "dslf_fa13": 0.0, "omega": 0.0, "fa_dun": 0.0, "p_aa_pp": 0.0, "yhh_planarity": 0.0, "ref": 0.0, "rama_prepro": 0.0, "total_score": -3.2361124052832357}, "xyz_unbound": -228.33326843491864, "xyz_bound": -228.33326843491864, "xyz_\u2206\u2206G": 0.0, "unbound_ref2015": {"fa_atr": 0.0, "fa_rep": 0.0, "fa_sol": 0.0, "fa_intra_rep": 14.9376919780207, "fa_intra_sol_xover4": 1.1438511252057812, "lk_ball_wtd": 0.0, "fa_elec": 0.0, "pro_close": 0.0, "hbond_sr_bb": 0.0, "hbond_lr_bb": 0.0, "hbond_bb_sc": 0.0, "hbond_sc": 0.0, "dslf_fa13": 0.0, "omega": 0.0, "fa_dun": 0.0, "p_aa_pp": 0.0, "yhh_planarity": 0.0, "ref": 0.0, "rama_prepro": 0.0, "total_score": 1.2185395850958847}}, "mRMSD": 0.9469151349129833, "RMSDs": []}