{"Energy": {"holo_ref2015": -105.87006044065804, "ligand_ref2015": {"fa_atr": -17.882779709748615, "fa_rep": 9.200354064345097, "fa_sol": 2.581480007510873, "fa_intra_rep": 327.9495704216037, "fa_intra_sol_xover4": 0.6892181179801355, "lk_ball_wtd": -0.4503693002400177, "fa_elec": -0.36846863171998423, "pro_close": 0.0, "hbond_sr_bb": 0.0, "hbond_lr_bb": 0.0, "hbond_bb_sc": 0.0, "hbond_sc": -0.6172129612835578, "dslf_fa13": 0.0, "omega": 0.0, "fa_dun": 0.0, "p_aa_pp": 0.0, "yhh_planarity": 0.0, "ref": 0.0, "rama_prepro": 0.0, "total_score": -9.348189890003344}, "xyz_unbound": -104.63563451809095, "xyz_bound": -105.87006044065804, "xyz_\u2206\u2206G": -1.234425922567084, "unbound_ref2015": {"fa_atr": 0.0, "fa_rep": 0.0, "fa_sol": 0.0, "fa_intra_rep": 16.866997260087924, "fa_intra_sol_xover4": 2.118380004404027, "lk_ball_wtd": 0.0, "fa_elec": 0.0, "pro_close": 0.0, "hbond_sr_bb": 0.0, "hbond_lr_bb": 0.0, "hbond_bb_sc": 0.0, "hbond_sc": 0.0, "dslf_fa13": 0.0, "omega": 0.0, "fa_dun": 0.0, "p_aa_pp": 0.0, "yhh_planarity": 0.0, "ref": 0.0, "rama_prepro": 0.0, "total_score": 2.2027149907044667}}, "mRMSD": 1.889248285253512, "RMSDs": []}