{"Energy": {"holo_ref2015": -248.7356531966875, "ligand_ref2015": {"fa_atr": -18.79561537466976, "fa_rep": 7.7185145166189955, "fa_sol": -2.572914797226544, "fa_intra_rep": 384.6910533239716, "fa_intra_sol_xover4": 0.778834314344515, "lk_ball_wtd": -0.32704344276354336, "fa_elec": 0.42881353836896424, "pro_close": 0.0, "hbond_sr_bb": 0.0, "hbond_lr_bb": 0.0, "hbond_bb_sc": 0.0, "hbond_sc": 0.0, "dslf_fa13": 0.0, "omega": 0.0, "fa_dun": 0.0, "p_aa_pp": 0.0, "yhh_planarity": 0.0, "ref": 0.0, "rama_prepro": 0.0, "total_score": -14.319287511186065}, "xyz_unbound": -248.7356531966875, "xyz_bound": -248.7356531966875, "xyz_\u2206\u2206G": 0.0, "unbound_ref2015": {"fa_atr": 0.0, "fa_rep": 0.0, "fa_sol": 0.0, "fa_intra_rep": 17.465897867610387, "fa_intra_sol_xover4": 1.9179383619269612, "lk_ball_wtd": 0.0, "fa_elec": 0.0, "pro_close": 0.0, "hbond_sr_bb": 0.0, "hbond_lr_bb": 0.0, "hbond_bb_sc": 0.0, "hbond_sc": 0.0, "dslf_fa13": 0.0, "omega": 0.0, "fa_dun": 0.0, "p_aa_pp": 0.0, "yhh_planarity": 0.0, "ref": 0.0, "rama_prepro": 0.0, "total_score": 2.005267851265013}}, "mRMSD": 0.9572833088137132, "RMSDs": []}