{"Energy": {"holo_ref2015": -175.56422488516307, "ligand_ref2015": {"fa_atr": -12.826652935278538, "fa_rep": 2.4020829335981575, "fa_sol": 1.808117409758319, "fa_intra_rep": 132.4197593403892, "fa_intra_sol_xover4": 0.3779627754223511, "lk_ball_wtd": -1.1258293484524315, "fa_elec": -0.03836955289936155, "pro_close": 0.0, "hbond_sr_bb": 0.0, "hbond_lr_bb": 0.0, "hbond_bb_sc": 0.0, "hbond_sc": 0.0, "dslf_fa13": 0.0, "omega": 0.0, "fa_dun": 0.0, "p_aa_pp": 0.0, "yhh_planarity": 0.0, "ref": 0.0, "rama_prepro": 0.0, "total_score": -9.82152724126873}, "xyz_unbound": -175.56422488516307, "xyz_bound": -175.56422488516307, "xyz_\u2206\u2206G": 0.0, "unbound_ref2015": {"fa_atr": 0.0, "fa_rep": 0.0, "fa_sol": 0.0, "fa_intra_rep": 15.829798877445153, "fa_intra_sol_xover4": 1.4477682595483408, "lk_ball_wtd": 0.0, "fa_elec": 0.0, "pro_close": 0.0, "hbond_sr_bb": 0.0, "hbond_lr_bb": 0.0, "hbond_bb_sc": 0.0, "hbond_sc": 0.0, "dslf_fa13": 0.0, "omega": 0.0, "fa_dun": 0.0, "p_aa_pp": 0.0, "yhh_planarity": 0.0, "ref": 0.0, "rama_prepro": 0.0, "total_score": 1.5269172539355664}}, "mRMSD": 0.4933253490344875, "RMSDs": []}