{"Energy": {"holo_ref2015": -139.84201121184236, "ligand_ref2015": {"fa_atr": -16.879205017679364, "fa_rep": 4.836256430679169, "fa_sol": 3.7461216747125716, "fa_intra_rep": 332.1047032837826, "fa_intra_sol_xover4": 0.2345592406472177, "lk_ball_wtd": -1.0399267341668619, "fa_elec": -0.5028024161775588, "pro_close": 0.0, "hbond_sr_bb": 0.0, "hbond_lr_bb": 0.0, "hbond_bb_sc": 0.0, "hbond_sc": 0.0, "dslf_fa13": 0.0, "omega": 0.0, "fa_dun": 0.0, "p_aa_pp": 0.0, "yhh_planarity": 0.0, "ref": 0.0, "rama_prepro": 0.0, "total_score": -10.120788699371538}, "xyz_unbound": -139.84201121184236, "xyz_bound": -139.84201121184236, "xyz_\u2206\u2206G": 0.0, "unbound_ref2015": {"fa_atr": 0.0, "fa_rep": 0.0, "fa_sol": 0.0, "fa_intra_rep": 22.365742069602298, "fa_intra_sol_xover4": 1.5232159143806947, "lk_ball_wtd": 0.0, "fa_elec": 0.0, "pro_close": 0.0, "hbond_sr_bb": 0.0, "hbond_lr_bb": 0.0, "hbond_bb_sc": 0.0, "hbond_sc": 0.0, "dslf_fa13": 0.0, "omega": 0.0, "fa_dun": 0.0, "p_aa_pp": 0.0, "yhh_planarity": 0.0, "ref": 0.0, "rama_prepro": 0.0, "total_score": 1.6350446247287063}}, "mRMSD": 2.2006910278364824, "RMSDs": []}