{"Energy": {"holo_ref2015": -183.29723145524054, "ligand_ref2015": {"fa_atr": -15.219773016502044, "fa_rep": 9.561898473731613, "fa_sol": -1.628685220757665, "fa_intra_rep": 125.64213125719581, "fa_intra_sol_xover4": 1.004650403406482, "lk_ball_wtd": -0.41520718795397116, "fa_elec": 0.23580593829851443, "pro_close": 0.0, "hbond_sr_bb": 0.0, "hbond_lr_bb": 0.0, "hbond_bb_sc": 0.0, "hbond_sc": 0.0, "dslf_fa13": 0.0, "omega": 0.0, "fa_dun": 0.0, "p_aa_pp": 0.0, "yhh_planarity": 0.0, "ref": 0.0, "rama_prepro": 0.0, "total_score": -10.13595426667032}, "xyz_unbound": -183.29723145524054, "xyz_bound": -183.29723145524054, "xyz_\u2206\u2206G": 0.0, "unbound_ref2015": {"fa_atr": 0.0, "fa_rep": 0.0, "fa_sol": 0.0, "fa_intra_rep": 12.900399581230994, "fa_intra_sol_xover4": 0.9332470313960413, "lk_ball_wtd": 0.0, "fa_elec": 0.0, "pro_close": 0.0, "hbond_sr_bb": 0.0, "hbond_lr_bb": 0.0, "hbond_bb_sc": 0.0, "hbond_sc": 0.0, "dslf_fa13": 0.0, "omega": 0.0, "fa_dun": 0.0, "p_aa_pp": 0.0, "yhh_planarity": 0.0, "ref": 0.0, "rama_prepro": 0.0, "total_score": 0.9977490293021962}}, "mRMSD": 0.3849183535360314, "RMSDs": []}