{"Energy": {"holo_ref2015": -71.69692931702619, "ligand_ref2015": {"fa_atr": -39.7950383918053, "fa_rep": 90.3193545231858, "fa_sol": 7.938656816797183, "fa_intra_rep": 1091.5837483952723, "fa_intra_sol_xover4": -0.3888012392310895, "lk_ball_wtd": -1.8370729937646264, "fa_elec": -0.06713370349838643, "pro_close": 0.0, "hbond_sr_bb": 0.0, "hbond_lr_bb": 0.0, "hbond_bb_sc": 0.0, "hbond_sc": 0.0, "dslf_fa13": 0.0, "omega": 0.0, "fa_dun": 0.0, "p_aa_pp": 0.0, "yhh_planarity": 0.0, "ref": 0.0, "rama_prepro": 0.0, "total_score": 20.98417421822634}, "xyz_unbound": -71.69692931702619, "xyz_bound": -71.69692931702619, "xyz_\u2206\u2206G": 0.0, "unbound_ref2015": {"fa_atr": 0.0, "fa_rep": 0.0, "fa_sol": 0.0, "fa_intra_rep": 95.12657258765344, "fa_intra_sol_xover4": -2.0671023779642903, "lk_ball_wtd": 0.0, "fa_elec": 0.0, "pro_close": 0.0, "hbond_sr_bb": 0.0, "hbond_lr_bb": 0.0, "hbond_bb_sc": 0.0, "hbond_sc": 0.0, "dslf_fa13": 0.0, "omega": 0.0, "fa_dun": 0.0, "p_aa_pp": 0.0, "yhh_planarity": 0.0, "ref": 0.0, "rama_prepro": 0.0, "total_score": -1.5914695150260232}}, "mRMSD": 4.0136209213128256, "RMSDs": []}