{"Energy": {"holo_ref2015": -162.1188980572997, "ligand_ref2015": {"fa_atr": -13.634936379873539, "fa_rep": 3.5804193651247194, "fa_sol": -0.2153161633046527, "fa_intra_rep": 67.71295848097692, "fa_intra_sol_xover4": 1.025177063744439, "lk_ball_wtd": -0.6084207727739276, "fa_elec": 0.18107429513361184, "pro_close": 0.0, "hbond_sr_bb": 0.0, "hbond_lr_bb": 0.0, "hbond_bb_sc": 0.0, "hbond_sc": 0.0, "dslf_fa13": 0.0, "omega": 0.0, "fa_dun": 0.0, "p_aa_pp": 0.0, "yhh_planarity": 0.0, "ref": 0.0, "rama_prepro": 0.0, "total_score": -10.944626513850588}, "xyz_unbound": -162.1188980572997, "xyz_bound": -162.1188980572997, "xyz_\u2206\u2206G": 0.0, "unbound_ref2015": {"fa_atr": 0.0, "fa_rep": 0.0, "fa_sol": 0.0, "fa_intra_rep": 16.025140288255603, "fa_intra_sol_xover4": 1.2394143205513313, "lk_ball_wtd": 0.0, "fa_elec": 0.0, "pro_close": 0.0, "hbond_sr_bb": 0.0, "hbond_lr_bb": 0.0, "hbond_bb_sc": 0.0, "hbond_sc": 0.0, "dslf_fa13": 0.0, "omega": 0.0, "fa_dun": 0.0, "p_aa_pp": 0.0, "yhh_planarity": 0.0, "ref": 0.0, "rama_prepro": 0.0, "total_score": 1.3195400219926092}}, "mRMSD": 0.5451161344154115, "RMSDs": []}