{"Energy": {"holo_ref2015": -161.37029108545278, "ligand_ref2015": {"fa_atr": -18.161910888893154, "fa_rep": 10.063850729963963, "fa_sol": 2.1731508021245904, "fa_intra_rep": 1283.9232649243513, "fa_intra_sol_xover4": 4.528448633047495, "lk_ball_wtd": -0.6207041071044135, "fa_elec": -0.23609734698273582, "pro_close": 0.0, "hbond_sr_bb": 0.0, "hbond_lr_bb": 0.0, "hbond_bb_sc": 0.0, "hbond_sc": 0.0, "dslf_fa13": 0.0, "omega": 0.0, "fa_dun": 0.0, "p_aa_pp": 0.0, "yhh_planarity": 0.0, "ref": 0.0, "rama_prepro": 0.0, "total_score": -0.3623786817062797}, "xyz_unbound": -161.37029108545278, "xyz_bound": -161.37029108545278, "xyz_\u2206\u2206G": 0.0, "unbound_ref2015": {"fa_atr": 0.0, "fa_rep": 0.0, "fa_sol": 0.0, "fa_intra_rep": 16.730644926246164, "fa_intra_sol_xover4": 1.8036512086043643, "lk_ball_wtd": 0.0, "fa_elec": 0.0, "pro_close": 0.0, "hbond_sr_bb": 0.0, "hbond_lr_bb": 0.0, "hbond_bb_sc": 0.0, "hbond_sc": 0.0, "dslf_fa13": 0.0, "omega": 0.0, "fa_dun": 0.0, "p_aa_pp": 0.0, "yhh_planarity": 0.0, "ref": 0.0, "rama_prepro": 0.0, "total_score": 1.8873044332355953}}, "mRMSD": 1.6718969551295404, "RMSDs": []}