{"Energy": {"holo_ref2015": -186.34009891437563, "ligand_ref2015": {"fa_atr": -17.48419955252913, "fa_rep": 8.324689959365632, "fa_sol": -3.4984024988544675, "fa_intra_rep": 164.9827643622348, "fa_intra_sol_xover4": 0.5871993256783758, "lk_ball_wtd": -0.32769125642825314, "fa_elec": 0.19262706857172665, "pro_close": 0.0, "hbond_sr_bb": 0.0, "hbond_lr_bb": 0.0, "hbond_bb_sc": 0.0, "hbond_sc": 0.0, "dslf_fa13": 0.0, "omega": 0.0, "fa_dun": 0.0, "p_aa_pp": 0.0, "yhh_planarity": 0.0, "ref": 0.0, "rama_prepro": 0.0, "total_score": -15.126973614099478}, "xyz_unbound": -186.34009891437563, "xyz_bound": -186.34009891437563, "xyz_\u2206\u2206G": 0.0, "unbound_ref2015": {"fa_atr": 0.0, "fa_rep": 0.0, "fa_sol": 0.0, "fa_intra_rep": 13.433104098472205, "fa_intra_sol_xover4": 0.820195795285274, "lk_ball_wtd": 0.0, "fa_elec": 0.0, "pro_close": 0.0, "hbond_sr_bb": 0.0, "hbond_lr_bb": 0.0, "hbond_bb_sc": 0.0, "hbond_sc": 0.0, "dslf_fa13": 0.0, "omega": 0.0, "fa_dun": 0.0, "p_aa_pp": 0.0, "yhh_planarity": 0.0, "ref": 0.0, "rama_prepro": 0.0, "total_score": 0.887361315777635}}, "mRMSD": 0.36511516448010406, "RMSDs": []}