{"Energy": {"holo_ref2015": -206.56245847022092, "ligand_ref2015": {"fa_atr": -15.683233362676217, "fa_rep": 14.424421637224514, "fa_sol": -3.2853489266008706, "fa_intra_rep": 104.43864854667385, "fa_intra_sol_xover4": 0.5006588377177359, "lk_ball_wtd": -0.39344984706013136, "fa_elec": -0.07625821725394187, "pro_close": 0.0, "hbond_sr_bb": 0.0, "hbond_lr_bb": 0.0, "hbond_bb_sc": 0.0, "hbond_sc": -0.6927175799791351, "dslf_fa13": 0.0, "omega": 0.0, "fa_dun": 0.0, "p_aa_pp": 0.0, "yhh_planarity": 0.0, "ref": 0.0, "rama_prepro": 0.0, "total_score": -11.174723952645707}, "xyz_unbound": -205.1770233102626, "xyz_bound": -206.56245847022092, "xyz_\u2206\u2206G": -1.3854351599583197, "unbound_ref2015": {"fa_atr": 0.0, "fa_rep": 0.0, "fa_sol": 0.0, "fa_intra_rep": 12.911634001887027, "fa_intra_sol_xover4": 0.8161055314900518, "lk_ball_wtd": 0.0, "fa_elec": 0.0, "pro_close": 0.0, "hbond_sr_bb": 0.0, "hbond_lr_bb": 0.0, "hbond_bb_sc": 0.0, "hbond_sc": 0.0, "dslf_fa13": 0.0, "omega": 0.0, "fa_dun": 0.0, "p_aa_pp": 0.0, "yhh_planarity": 0.0, "ref": 0.0, "rama_prepro": 0.0, "total_score": 0.8806637014994869}}, "mRMSD": 1.4572945600607354, "RMSDs": []}