{"Energy": {"holo_ref2015": -124.32128529267129, "ligand_ref2015": {"fa_atr": -15.764200704089703, "fa_rep": 5.012931960180892, "fa_sol": 4.059650505142642, "fa_intra_rep": 116.68629043823124, "fa_intra_sol_xover4": 1.784268447427639, "lk_ball_wtd": -1.0859881050578994, "fa_elec": -0.498242657802337, "pro_close": 0.0, "hbond_sr_bb": 0.0, "hbond_lr_bb": 0.0, "hbond_bb_sc": 0.0, "hbond_sc": 0.0, "dslf_fa13": 0.0, "omega": 0.0, "fa_dun": 0.0, "p_aa_pp": 0.0, "yhh_planarity": 0.0, "ref": 0.0, "rama_prepro": 0.0, "total_score": -8.163968484089011}, "xyz_unbound": -124.32128529267129, "xyz_bound": -124.32128529267129, "xyz_\u2206\u2206G": 0.0, "unbound_ref2015": {"fa_atr": 0.0, "fa_rep": 0.0, "fa_sol": 0.0, "fa_intra_rep": 13.635752535593323, "fa_intra_sol_xover4": 0.9116521034981545, "lk_ball_wtd": 0.0, "fa_elec": 0.0, "pro_close": 0.0, "hbond_sr_bb": 0.0, "hbond_lr_bb": 0.0, "hbond_bb_sc": 0.0, "hbond_sc": 0.0, "dslf_fa13": 0.0, "omega": 0.0, "fa_dun": 0.0, "p_aa_pp": 0.0, "yhh_planarity": 0.0, "ref": 0.0, "rama_prepro": 0.0, "total_score": 0.9798308661761211}}, "mRMSD": 1.8368722873406294, "RMSDs": []}