{"Energy": {"holo_ref2015": -244.18135385030715, "ligand_ref2015": {"fa_atr": -15.921732743775012, "fa_rep": 5.539599592007476, "fa_sol": -1.199235357337091, "fa_intra_rep": 119.75604687853284, "fa_intra_sol_xover4": 1.4499383246309567, "lk_ball_wtd": -0.5567477701790766, "fa_elec": -0.13919084308451096, "pro_close": 0.0, "hbond_sr_bb": 0.0, "hbond_lr_bb": 0.0, "hbond_bb_sc": 0.0, "hbond_sc": -0.492002143834408, "dslf_fa13": 0.0, "omega": 0.0, "fa_dun": 0.0, "p_aa_pp": 0.0, "yhh_planarity": 0.0, "ref": 0.0, "rama_prepro": 0.0, "total_score": -13.213410523582366}, "xyz_unbound": -243.19734956263838, "xyz_bound": -244.18135385030715, "xyz_\u2206\u2206G": -0.9840042876687676, "unbound_ref2015": {"fa_atr": 0.0, "fa_rep": 0.0, "fa_sol": 0.0, "fa_intra_rep": 14.597308520989687, "fa_intra_sol_xover4": 1.7046046106787212, "lk_ball_wtd": 0.0, "fa_elec": 0.0, "pro_close": 0.0, "hbond_sr_bb": 0.0, "hbond_lr_bb": 0.0, "hbond_bb_sc": 0.0, "hbond_sc": 0.0, "dslf_fa13": 0.0, "omega": 0.0, "fa_dun": 0.0, "p_aa_pp": 0.0, "yhh_planarity": 0.0, "ref": 0.0, "rama_prepro": 0.0, "total_score": 1.7775911532836697}}, "mRMSD": 0.7786492282726901, "RMSDs": []}