{"Energy": {"holo_ref2015": -258.6129643294407, "ligand_ref2015": {"fa_atr": -17.97043499859312, "fa_rep": 6.800500920632575, "fa_sol": -0.3161954071671511, "fa_intra_rep": 128.75220543896936, "fa_intra_sol_xover4": 0.622875722615979, "lk_ball_wtd": -0.5214263519317778, "fa_elec": 0.07245107238627993, "pro_close": 0.0, "hbond_sr_bb": 0.0, "hbond_lr_bb": 0.0, "hbond_bb_sc": 0.0, "hbond_sc": 0.0, "dslf_fa13": 0.0, "omega": 0.0, "fa_dun": 0.0, "p_aa_pp": 0.0, "yhh_planarity": 0.0, "ref": 0.0, "rama_prepro": 0.0, "total_score": -13.728693429147027}, "xyz_unbound": -258.6129643294407, "xyz_bound": -258.6129643294407, "xyz_\u2206\u2206G": 0.0, "unbound_ref2015": {"fa_atr": 0.0, "fa_rep": 0.0, "fa_sol": 0.0, "fa_intra_rep": 13.958796057340589, "fa_intra_sol_xover4": 1.221891784556133, "lk_ball_wtd": 0.0, "fa_elec": 0.0, "pro_close": 0.0, "hbond_sr_bb": 0.0, "hbond_lr_bb": 0.0, "hbond_bb_sc": 0.0, "hbond_sc": 0.0, "dslf_fa13": 0.0, "omega": 0.0, "fa_dun": 0.0, "p_aa_pp": 0.0, "yhh_planarity": 0.0, "ref": 0.0, "rama_prepro": 0.0, "total_score": 1.291685764842836}}, "mRMSD": 0.7211895988573316, "RMSDs": []}