{"Energy": {"holo_ref2015": -175.27481534737495, "ligand_ref2015": {"fa_atr": -15.366869265722043, "fa_rep": 9.945473539153298, "fa_sol": -1.6868845911409638, "fa_intra_rep": 377.3939211954094, "fa_intra_sol_xover4": 0.9310778138570807, "lk_ball_wtd": 0.08796907792915488, "fa_elec": 0.35563359759780466, "pro_close": 0.0, "hbond_sr_bb": 0.0, "hbond_lr_bb": 0.0, "hbond_bb_sc": 0.0, "hbond_sc": 0.0, "dslf_fa13": 0.0, "omega": 0.0, "fa_dun": 0.0, "p_aa_pp": 0.0, "yhh_planarity": 0.0, "ref": 0.0, "rama_prepro": 0.0, "total_score": -8.322093314967605}, "xyz_unbound": -175.27481534737495, "xyz_bound": -175.27481534737495, "xyz_\u2206\u2206G": 0.0, "unbound_ref2015": {"fa_atr": 0.0, "fa_rep": 0.0, "fa_sol": 0.0, "fa_intra_rep": 15.577686548793936, "fa_intra_sol_xover4": 1.2287403066186156, "lk_ball_wtd": 0.0, "fa_elec": 0.0, "pro_close": 0.0, "hbond_sr_bb": 0.0, "hbond_lr_bb": 0.0, "hbond_bb_sc": 0.0, "hbond_sc": 0.0, "dslf_fa13": 0.0, "omega": 0.0, "fa_dun": 0.0, "p_aa_pp": 0.0, "yhh_planarity": 0.0, "ref": 0.0, "rama_prepro": 0.0, "total_score": 1.3066287393625853}}, "mRMSD": 0.7175321905283725, "RMSDs": []}