{"Energy": {"holo_ref2015": -167.94137384363583, "ligand_ref2015": {"fa_atr": -15.122233941298113, "fa_rep": 7.916830798065211, "fa_sol": 0.7918776823741492, "fa_intra_rep": 873.9324099661096, "fa_intra_sol_xover4": 0.4690443741805565, "lk_ball_wtd": -0.32012499893188506, "fa_elec": -0.11728544054984226, "pro_close": 0.0, "hbond_sr_bb": 0.0, "hbond_lr_bb": 0.0, "hbond_bb_sc": 0.0, "hbond_sc": 0.0, "dslf_fa13": 0.0, "omega": 0.0, "fa_dun": 0.0, "p_aa_pp": 0.0, "yhh_planarity": 0.0, "ref": 0.0, "rama_prepro": 0.0, "total_score": -5.574803335458721}, "xyz_unbound": -167.94137384363583, "xyz_bound": -167.94137384363583, "xyz_\u2206\u2206G": 0.0, "unbound_ref2015": {"fa_atr": 0.0, "fa_rep": 0.0, "fa_sol": 0.0, "fa_intra_rep": 12.858588311033724, "fa_intra_sol_xover4": 0.5592980438206714, "lk_ball_wtd": 0.0, "fa_elec": 0.0, "pro_close": 0.0, "hbond_sr_bb": 0.0, "hbond_lr_bb": 0.0, "hbond_bb_sc": 0.0, "hbond_sc": 0.0, "dslf_fa13": 0.0, "omega": 0.0, "fa_dun": 0.0, "p_aa_pp": 0.0, "yhh_planarity": 0.0, "ref": 0.0, "rama_prepro": 0.0, "total_score": 0.62359098537584}}, "mRMSD": 2.0164869575576234, "RMSDs": []}