{"Energy": {"holo_ref2015": -226.77011694127063, "ligand_ref2015": {"fa_atr": -17.533029010965922, "fa_rep": 9.459948312385007, "fa_sol": -1.3084929575240791, "fa_intra_rep": 158.53063823564673, "fa_intra_sol_xover4": 1.9761168582322997, "lk_ball_wtd": -0.46761144950297406, "fa_elec": 0.151037380446749, "pro_close": 0.0, "hbond_sr_bb": 0.0, "hbond_lr_bb": 0.0, "hbond_bb_sc": 0.0, "hbond_sc": 0.0, "dslf_fa13": 0.0, "omega": 0.0, "fa_dun": 0.0, "p_aa_pp": 0.0, "yhh_planarity": 0.0, "ref": 0.0, "rama_prepro": 0.0, "total_score": -11.186354416323939}, "xyz_unbound": -226.77011694127063, "xyz_bound": -226.77011694127063, "xyz_\u2206\u2206G": 0.0, "unbound_ref2015": {"fa_atr": 0.0, "fa_rep": 0.0, "fa_sol": 0.0, "fa_intra_rep": 15.373018036294628, "fa_intra_sol_xover4": 2.1887913324702724, "lk_ball_wtd": 0.0, "fa_elec": 0.0, "pro_close": 0.0, "hbond_sr_bb": 0.0, "hbond_lr_bb": 0.0, "hbond_bb_sc": 0.0, "hbond_sc": 0.0, "dslf_fa13": 0.0, "omega": 0.0, "fa_dun": 0.0, "p_aa_pp": 0.0, "yhh_planarity": 0.0, "ref": 0.0, "rama_prepro": 0.0, "total_score": 2.2656564226517455}}, "mRMSD": 0.8039470773787327, "RMSDs": []}