{"Energy": {"holo_ref2015": 76.4575012599178, "ligand_ref2015": {"fa_atr": -20.104017802683746, "fa_rep": 11.11988028529975, "fa_sol": -3.3690181321462296, "fa_intra_rep": 530.7101117267113, "fa_intra_sol_xover4": -0.6933931011189461, "lk_ball_wtd": -0.305696784824867, "fa_elec": 0.13627384984110205, "pro_close": 0.0, "hbond_sr_bb": 0.0, "hbond_lr_bb": 0.0, "hbond_bb_sc": 0.0, "hbond_sc": 0.0, "dslf_fa13": 0.0, "omega": 0.0, "fa_dun": 0.0, "p_aa_pp": 0.0, "yhh_planarity": 0.0, "ref": 0.0, "rama_prepro": 0.0, "total_score": -15.566367255384268}, "xyz_unbound": 76.4575012599178, "xyz_bound": 76.4575012599178, "xyz_\u2206\u2206G": 0.0, "unbound_ref2015": {"fa_atr": 0.0, "fa_rep": 0.0, "fa_sol": 0.0, "fa_intra_rep": 86.14299861954848, "fa_intra_sol_xover4": -3.200186222910319, "lk_ball_wtd": 0.0, "fa_elec": 0.0, "pro_close": 0.0, "hbond_sr_bb": 0.0, "hbond_lr_bb": 0.0, "hbond_bb_sc": 0.0, "hbond_sc": 0.0, "dslf_fa13": 0.0, "omega": 0.0, "fa_dun": 0.0, "p_aa_pp": 0.0, "yhh_planarity": 0.0, "ref": 0.0, "rama_prepro": 0.0, "total_score": -2.7694712298125768}}, "mRMSD": 0.29942430874374015, "RMSDs": []}