{"Energy": {"holo_ref2015": -107.46422917559175, "ligand_ref2015": {"fa_atr": -21.712432451454738, "fa_rep": 19.977533873775947, "fa_sol": 2.4847201773129766, "fa_intra_rep": 614.7629176429548, "fa_intra_sol_xover4": 2.7410061882933365, "lk_ball_wtd": -0.2561914793556536, "fa_elec": -0.5061173308839688, "pro_close": 0.0, "hbond_sr_bb": 0.0, "hbond_lr_bb": 0.0, "hbond_bb_sc": -0.44313913356036627, "hbond_sc": 0.0, "dslf_fa13": 0.0, "omega": 0.0, "fa_dun": 0.0, "p_aa_pp": 0.0, "yhh_planarity": 0.0, "ref": 0.0, "rama_prepro": 0.0, "total_score": -3.6306958108568694}, "xyz_unbound": -106.57795090847105, "xyz_bound": -107.46422917559175, "xyz_\u2206\u2206G": -0.8862782671207015, "unbound_ref2015": {"fa_atr": 0.0, "fa_rep": 0.0, "fa_sol": 0.0, "fa_intra_rep": 22.118698947624928, "fa_intra_sol_xover4": 0.3985621394724469, "lk_ball_wtd": 0.0, "fa_elec": 0.0, "pro_close": 0.0, "hbond_sr_bb": 0.0, "hbond_lr_bb": 0.0, "hbond_bb_sc": 0.0, "hbond_sc": 0.0, "dslf_fa13": 0.0, "omega": 0.0, "fa_dun": 0.0, "p_aa_pp": 0.0, "yhh_planarity": 0.0, "ref": 0.0, "rama_prepro": 0.0, "total_score": 0.5091556342105715}}, "mRMSD": 0.9752926873954076, "RMSDs": []}