{"Energy": {"holo_ref2015": 125.59623784142636, "ligand_ref2015": {"fa_atr": -18.568830401914788, "fa_rep": 11.568561297231, "fa_sol": 3.381738290901797, "fa_intra_rep": 278.3671630571479, "fa_intra_sol_xover4": -0.11940510734062312, "lk_ball_wtd": -0.5568090617116913, "fa_elec": -0.4893613486591489, "pro_close": 0.0, "hbond_sr_bb": 0.0, "hbond_lr_bb": 0.0, "hbond_bb_sc": 0.0, "hbond_sc": -0.050720887193218475, "dslf_fa13": 0.0, "omega": 0.0, "fa_dun": 0.0, "p_aa_pp": 0.0, "yhh_planarity": 0.0, "ref": 0.0, "rama_prepro": 0.0, "total_score": -8.648843987154882}, "xyz_unbound": 125.6976796158128, "xyz_bound": 125.59623784142636, "xyz_\u2206\u2206G": -0.1014417743864442, "unbound_ref2015": {"fa_atr": 0.0, "fa_rep": 0.0, "fa_sol": 0.0, "fa_intra_rep": 20.10382911290478, "fa_intra_sol_xover4": 0.2105072093713024, "lk_ball_wtd": 0.0, "fa_elec": 0.0, "pro_close": 0.0, "hbond_sr_bb": 0.0, "hbond_lr_bb": 0.0, "hbond_bb_sc": 0.0, "hbond_sc": 0.0, "dslf_fa13": 0.0, "omega": 0.0, "fa_dun": 0.0, "p_aa_pp": 0.0, "yhh_planarity": 0.0, "ref": 0.0, "rama_prepro": 0.0, "total_score": 0.3110263549358263}}, "mRMSD": 1.3261928718453182, "RMSDs": []}