{"Energy": {"holo_ref2015": -165.79088090520628, "ligand_ref2015": {"fa_atr": -13.36037974436122, "fa_rep": 9.939521753850633, "fa_sol": 0.15575814581077063, "fa_intra_rep": 100.04489716595054, "fa_intra_sol_xover4": 0.43103756482106914, "lk_ball_wtd": -0.46287849201180453, "fa_elec": -0.03888881627023739, "pro_close": 0.0, "hbond_sr_bb": 0.0, "hbond_lr_bb": 0.0, "hbond_bb_sc": 0.0, "hbond_sc": 0.0, "dslf_fa13": 0.0, "omega": 0.0, "fa_dun": 0.0, "p_aa_pp": 0.0, "yhh_planarity": 0.0, "ref": 0.0, "rama_prepro": 0.0, "total_score": -7.30838989156382}, "xyz_unbound": -165.79088090520628, "xyz_bound": -165.79088090520628, "xyz_\u2206\u2206G": 0.0, "unbound_ref2015": {"fa_atr": 0.0, "fa_rep": 0.0, "fa_sol": 0.0, "fa_intra_rep": 13.308080853424812, "fa_intra_sol_xover4": 0.8421055992382128, "lk_ball_wtd": 0.0, "fa_elec": 0.0, "pro_close": 0.0, "hbond_sr_bb": 0.0, "hbond_lr_bb": 0.0, "hbond_bb_sc": 0.0, "hbond_sc": 0.0, "dslf_fa13": 0.0, "omega": 0.0, "fa_dun": 0.0, "p_aa_pp": 0.0, "yhh_planarity": 0.0, "ref": 0.0, "rama_prepro": 0.0, "total_score": 0.9086460035053369}}, "mRMSD": 1.651081333983453, "RMSDs": []}