{"Energy": {"holo_ref2015": -148.05257635851234, "ligand_ref2015": {"fa_atr": -26.313594230929674, "fa_rep": 44.9208857373168, "fa_sol": 1.8966370100438037, "fa_intra_rep": 336.4911835496284, "fa_intra_sol_xover4": -1.1165228093917436, "lk_ball_wtd": -0.5610224457049543, "fa_elec": 0.0025400754123712514, "pro_close": 0.0, "hbond_sr_bb": 0.0, "hbond_lr_bb": 0.0, "hbond_bb_sc": 0.0, "hbond_sc": 0.0, "dslf_fa13": 0.0, "omega": 0.0, "fa_dun": 0.0, "p_aa_pp": 0.0, "yhh_planarity": 0.0, "ref": 0.0, "rama_prepro": 0.0, "total_score": 0.2969806727021886}, "xyz_unbound": -148.05257635851234, "xyz_bound": -148.05257635851234, "xyz_\u2206\u2206G": 0.0, "unbound_ref2015": {"fa_atr": 0.0, "fa_rep": 0.0, "fa_sol": 0.0, "fa_intra_rep": 17.197190232278295, "fa_intra_sol_xover4": 0.7323063922244214, "lk_ball_wtd": 0.0, "fa_elec": 0.0, "pro_close": 0.0, "hbond_sr_bb": 0.0, "hbond_lr_bb": 0.0, "hbond_bb_sc": 0.0, "hbond_sc": 0.0, "dslf_fa13": 0.0, "omega": 0.0, "fa_dun": 0.0, "p_aa_pp": 0.0, "yhh_planarity": 0.0, "ref": 0.0, "rama_prepro": 0.0, "total_score": 0.8182923433858129}}, "mRMSD": 1.3466017342812353, "RMSDs": []}