{"Energy": {"holo_ref2015": -245.49990318684513, "ligand_ref2015": {"fa_atr": -12.899688087211144, "fa_rep": 4.081042930388253, "fa_sol": 1.3559248947314724, "fa_intra_rep": 81.44843408195797, "fa_intra_sol_xover4": 0.6762539445587102, "lk_ball_wtd": -0.45823663686717386, "fa_elec": -0.5139452153048811, "pro_close": 0.0, "hbond_sr_bb": 0.0, "hbond_lr_bb": 0.0, "hbond_bb_sc": 0.0, "hbond_sc": -0.5622983105393541, "dslf_fa13": 0.0, "omega": 0.0, "fa_dun": 0.0, "p_aa_pp": 0.0, "yhh_planarity": 0.0, "ref": 0.0, "rama_prepro": 0.0, "total_score": -9.750173628509042}, "xyz_unbound": -244.37530656576632, "xyz_bound": -245.49990318684513, "xyz_\u2206\u2206G": -1.1245966210788083, "unbound_ref2015": {"fa_atr": 0.0, "fa_rep": 0.0, "fa_sol": 0.0, "fa_intra_rep": 11.557428952334204, "fa_intra_sol_xover4": 0.6107154171587069, "lk_ball_wtd": 0.0, "fa_elec": 0.0, "pro_close": 0.0, "hbond_sr_bb": 0.0, "hbond_lr_bb": 0.0, "hbond_bb_sc": 0.0, "hbond_sc": 0.0, "dslf_fa13": 0.0, "omega": 0.0, "fa_dun": 0.0, "p_aa_pp": 0.0, "yhh_planarity": 0.0, "ref": 0.0, "rama_prepro": 0.0, "total_score": 0.6685025619203779}}, "mRMSD": 1.3933680597745886, "RMSDs": []}