{"Energy": {"holo_ref2015": -222.29584710118485, "ligand_ref2015": {"fa_atr": -10.066901481335263, "fa_rep": 2.1036198774363406, "fa_sol": 1.2140855855297683, "fa_intra_rep": 42.32825788908746, "fa_intra_sol_xover4": 0.6888955452998707, "lk_ball_wtd": -0.6448387494683826, "fa_elec": -0.0726076424255139, "pro_close": 0.0, "hbond_sr_bb": 0.0, "hbond_lr_bb": 0.0, "hbond_bb_sc": 0.0, "hbond_sc": 0.0, "dslf_fa13": 0.0, "omega": 0.0, "fa_dun": 0.0, "p_aa_pp": 0.0, "yhh_planarity": 0.0, "ref": 0.0, "rama_prepro": 0.0, "total_score": -7.512734520364095}, "xyz_unbound": -222.29584710118485, "xyz_bound": -222.29584710118485, "xyz_\u2206\u2206G": 0.0, "unbound_ref2015": {"fa_atr": 0.0, "fa_rep": 0.0, "fa_sol": 0.0, "fa_intra_rep": 14.55223970284456, "fa_intra_sol_xover4": 0.6850700670886125, "lk_ball_wtd": 0.0, "fa_elec": 0.0, "pro_close": 0.0, "hbond_sr_bb": 0.0, "hbond_lr_bb": 0.0, "hbond_bb_sc": 0.0, "hbond_sc": 0.0, "dslf_fa13": 0.0, "omega": 0.0, "fa_dun": 0.0, "p_aa_pp": 0.0, "yhh_planarity": 0.0, "ref": 0.0, "rama_prepro": 0.0, "total_score": 0.7578312656028353}}, "mRMSD": 0.5978630835456115, "RMSDs": []}