{"Energy": {"holo_ref2015": -172.26336356820025, "ligand_ref2015": {"fa_atr": -19.51268467076916, "fa_rep": 17.029198369511384, "fa_sol": -3.2668716050608078, "fa_intra_rep": 571.4169729688982, "fa_intra_sol_xover4": -0.25647602079170845, "lk_ball_wtd": 0.14869747144117143, "fa_elec": 0.42893525780945857, "pro_close": 0.0, "hbond_sr_bb": 0.0, "hbond_lr_bb": 0.0, "hbond_bb_sc": 0.0, "hbond_sc": 0.0, "dslf_fa13": 0.0, "omega": 0.0, "fa_dun": 0.0, "p_aa_pp": 0.0, "yhh_planarity": 0.0, "ref": 0.0, "rama_prepro": 0.0, "total_score": -10.235255599295295}, "xyz_unbound": -172.26336356820025, "xyz_bound": -172.26336356820025, "xyz_\u2206\u2206G": 0.0, "unbound_ref2015": {"fa_atr": 0.0, "fa_rep": 0.0, "fa_sol": 0.0, "fa_intra_rep": 19.127004598636383, "fa_intra_sol_xover4": 0.49982648188181966, "lk_ball_wtd": 0.0, "fa_elec": 0.0, "pro_close": 0.0, "hbond_sr_bb": 0.0, "hbond_lr_bb": 0.0, "hbond_bb_sc": 0.0, "hbond_sc": 0.0, "dslf_fa13": 0.0, "omega": 0.0, "fa_dun": 0.0, "p_aa_pp": 0.0, "yhh_planarity": 0.0, "ref": 0.0, "rama_prepro": 0.0, "total_score": 0.5954615048750016}}, "mRMSD": 0.7911994761822787, "RMSDs": []}