{"Energy": {"holo_ref2015": -159.1519260476839, "ligand_ref2015": {"fa_atr": -18.12815789503245, "fa_rep": 11.154152050515378, "fa_sol": -2.9221354195149014, "fa_intra_rep": 119.81907317300316, "fa_intra_sol_xover4": 0.8747950859921426, "lk_ball_wtd": -0.032041464522364865, "fa_elec": 0.21204718796750244, "pro_close": 0.0, "hbond_sr_bb": 0.0, "hbond_lr_bb": 0.0, "hbond_bb_sc": 0.0, "hbond_sc": 0.0, "dslf_fa13": 0.0, "omega": 0.0, "fa_dun": 0.0, "p_aa_pp": 0.0, "yhh_planarity": 0.0, "ref": 0.0, "rama_prepro": 0.0, "total_score": -13.261613511461599}, "xyz_unbound": -159.1519260476839, "xyz_bound": -159.1519260476839, "xyz_\u2206\u2206G": 0.0, "unbound_ref2015": {"fa_atr": 0.0, "fa_rep": 0.0, "fa_sol": 0.0, "fa_intra_rep": 14.834631702542284, "fa_intra_sol_xover4": 0.8163284912071274, "lk_ball_wtd": 0.0, "fa_elec": 0.0, "pro_close": 0.0, "hbond_sr_bb": 0.0, "hbond_lr_bb": 0.0, "hbond_bb_sc": 0.0, "hbond_sc": 0.0, "dslf_fa13": 0.0, "omega": 0.0, "fa_dun": 0.0, "p_aa_pp": 0.0, "yhh_planarity": 0.0, "ref": 0.0, "rama_prepro": 0.0, "total_score": 0.8905016497198388}}, "mRMSD": 0.43246833538550755, "RMSDs": []}