{"Energy": {"holo_ref2015": -145.78790007415463, "ligand_ref2015": {"fa_atr": -27.952314795396383, "fa_rep": 46.97030492049876, "fa_sol": 3.136683250679022, "fa_intra_rep": 77.97164546917364, "fa_intra_sol_xover4": -0.18097907214609177, "lk_ball_wtd": -0.3067847074287149, "fa_elec": -0.11362942734635727, "pro_close": 0.0, "hbond_sr_bb": 0.0, "hbond_lr_bb": 0.0, "hbond_bb_sc": 0.0, "hbond_sc": -0.5716610970798807, "dslf_fa13": 0.0, "omega": 0.0, "fa_dun": 0.0, "p_aa_pp": 0.0, "yhh_planarity": 0.0, "ref": 0.0, "rama_prepro": 0.0, "total_score": 0.23484008490178554}, "xyz_unbound": -144.64457787999478, "xyz_bound": -145.78790007415463, "xyz_\u2206\u2206G": -1.1433221941598504, "unbound_ref2015": {"fa_atr": 0.0, "fa_rep": 0.0, "fa_sol": 0.0, "fa_intra_rep": 16.38426417031764, "fa_intra_sol_xover4": 1.9996266217426144, "lk_ball_wtd": 0.0, "fa_elec": 0.0, "pro_close": 0.0, "hbond_sr_bb": 0.0, "hbond_lr_bb": 0.0, "hbond_bb_sc": 0.0, "hbond_sc": 0.0, "dslf_fa13": 0.0, "omega": 0.0, "fa_dun": 0.0, "p_aa_pp": 0.0, "yhh_planarity": 0.0, "ref": 0.0, "rama_prepro": 0.0, "total_score": 2.0815479425942027}}, "mRMSD": 1.089446967801635, "RMSDs": []}