{"Energy": {"holo_ref2015": -225.3360281427632, "ligand_ref2015": {"fa_atr": -16.749087752670462, "fa_rep": 7.179442697653087, "fa_sol": -2.919972547470858, "fa_intra_rep": 263.8343929140356, "fa_intra_sol_xover4": 0.139162089273504, "lk_ball_wtd": -0.6281359654696028, "fa_elec": 0.16087843641455263, "pro_close": 0.0, "hbond_sr_bb": 0.0, "hbond_lr_bb": 0.0, "hbond_bb_sc": 0.0, "hbond_sc": 0.0, "dslf_fa13": 0.0, "omega": 0.0, "fa_dun": 0.0, "p_aa_pp": 0.0, "yhh_planarity": 0.0, "ref": 0.0, "rama_prepro": 0.0, "total_score": -14.729290291643489}, "xyz_unbound": -225.3360281427632, "xyz_bound": -225.3360281427632, "xyz_\u2206\u2206G": 0.0, "unbound_ref2015": {"fa_atr": 0.0, "fa_rep": 0.0, "fa_sol": 0.0, "fa_intra_rep": 12.840228456144242, "fa_intra_sol_xover4": 0.5428949660134724, "lk_ball_wtd": 0.0, "fa_elec": 0.0, "pro_close": 0.0, "hbond_sr_bb": 0.0, "hbond_lr_bb": 0.0, "hbond_bb_sc": 0.0, "hbond_sc": 0.0, "dslf_fa13": 0.0, "omega": 0.0, "fa_dun": 0.0, "p_aa_pp": 0.0, "yhh_planarity": 0.0, "ref": 0.0, "rama_prepro": 0.0, "total_score": 0.6070961082941937}}, "mRMSD": 1.4792030609933768, "RMSDs": []}