{"Energy": {"holo_ref2015": -211.5403982679911, "ligand_ref2015": {"fa_atr": -16.40880741271342, "fa_rep": 8.953905532444946, "fa_sol": -2.5549390567268273, "fa_intra_rep": 139.75882314259735, "fa_intra_sol_xover4": 1.1828553417670142, "lk_ball_wtd": -0.5097084177908556, "fa_elec": 0.20327195072853554, "pro_close": 0.0, "hbond_sr_bb": 0.0, "hbond_lr_bb": 0.0, "hbond_bb_sc": 0.0, "hbond_sc": 0.0, "dslf_fa13": 0.0, "omega": 0.0, "fa_dun": 0.0, "p_aa_pp": 0.0, "yhh_planarity": 0.0, "ref": 0.0, "rama_prepro": 0.0, "total_score": -12.463885436177845}, "xyz_unbound": -211.5403982679911, "xyz_bound": -211.5403982679911, "xyz_\u2206\u2206G": 0.0, "unbound_ref2015": {"fa_atr": 0.0, "fa_rep": 0.0, "fa_sol": 0.0, "fa_intra_rep": 12.754182354653857, "fa_intra_sol_xover4": 0.5730142311109669, "lk_ball_wtd": 0.0, "fa_elec": 0.0, "pro_close": 0.0, "hbond_sr_bb": 0.0, "hbond_lr_bb": 0.0, "hbond_bb_sc": 0.0, "hbond_sc": 0.0, "dslf_fa13": 0.0, "omega": 0.0, "fa_dun": 0.0, "p_aa_pp": 0.0, "yhh_planarity": 0.0, "ref": 0.0, "rama_prepro": 0.0, "total_score": 0.6367851428842363}}, "mRMSD": 1.5318313386270699, "RMSDs": []}