{"Energy": {"holo_ref2015": -128.70422402450816, "ligand_ref2015": {"fa_atr": -18.30407317168329, "fa_rep": 7.275748338189613, "fa_sol": 3.6100782329475365, "fa_intra_rep": 47.799658207073996, "fa_intra_sol_xover4": 1.419728318788907, "lk_ball_wtd": -0.7404204247702857, "fa_elec": 0.08771098238765343, "pro_close": 0.0, "hbond_sr_bb": 0.0, "hbond_lr_bb": 0.0, "hbond_bb_sc": 0.0, "hbond_sc": 0.0, "dslf_fa13": 0.0, "omega": 0.0, "fa_dun": 0.0, "p_aa_pp": 0.0, "yhh_planarity": 0.0, "ref": 0.0, "rama_prepro": 0.0, "total_score": -9.686316185289819}, "xyz_unbound": -128.70422402450816, "xyz_bound": -128.70422402450816, "xyz_\u2206\u2206G": 0.0, "unbound_ref2015": {"fa_atr": 0.0, "fa_rep": 0.0, "fa_sol": 0.0, "fa_intra_rep": 20.13889573325948, "fa_intra_sol_xover4": 0.46103587835589555, "lk_ball_wtd": 0.0, "fa_elec": 0.0, "pro_close": 0.0, "hbond_sr_bb": 0.0, "hbond_lr_bb": 0.0, "hbond_bb_sc": 0.0, "hbond_sc": 0.0, "dslf_fa13": 0.0, "omega": 0.0, "fa_dun": 0.0, "p_aa_pp": 0.0, "yhh_planarity": 0.0, "ref": 0.0, "rama_prepro": 0.0, "total_score": 0.561730357022193}}, "mRMSD": 1.5268911459002474, "RMSDs": []}