{"Energy": {"holo_ref2015": -170.9947605720957, "ligand_ref2015": {"fa_atr": -21.919705329961644, "fa_rep": 12.316846233352189, "fa_sol": 2.325109207178274, "fa_intra_rep": 316.0089546305968, "fa_intra_sol_xover4": 2.5905525201603212, "lk_ball_wtd": -0.864328257515929, "fa_elec": -0.30042851891367417, "pro_close": 0.0, "hbond_sr_bb": 0.0, "hbond_lr_bb": 0.0, "hbond_bb_sc": 0.0, "hbond_sc": 0.0, "dslf_fa13": 0.0, "omega": 0.0, "fa_dun": 0.0, "p_aa_pp": 0.0, "yhh_planarity": 0.0, "ref": 0.0, "rama_prepro": 0.0, "total_score": -9.814490177555966}, "xyz_unbound": -170.9947605720957, "xyz_bound": -170.9947605720957, "xyz_\u2206\u2206G": 0.0, "unbound_ref2015": {"fa_atr": 0.0, "fa_rep": 0.0, "fa_sol": 0.0, "fa_intra_rep": 21.441386315098843, "fa_intra_sol_xover4": 2.425335350209755, "lk_ball_wtd": 0.0, "fa_elec": 0.0, "pro_close": 0.0, "hbond_sr_bb": 0.0, "hbond_lr_bb": 0.0, "hbond_bb_sc": 0.0, "hbond_sc": 0.0, "dslf_fa13": 0.0, "omega": 0.0, "fa_dun": 0.0, "p_aa_pp": 0.0, "yhh_planarity": 0.0, "ref": 0.0, "rama_prepro": 0.0, "total_score": 2.532542281785249}}, "mRMSD": 1.7504024299190934, "RMSDs": []}