{"Energy": {"holo_ref2015": -132.03938175708868, "ligand_ref2015": {"fa_atr": -12.993536883221342, "fa_rep": 3.6128572353458175, "fa_sol": 0.5831006271756682, "fa_intra_rep": 216.46602191581147, "fa_intra_sol_xover4": 1.2255554797533612, "lk_ball_wtd": -0.5996893676797421, "fa_elec": -0.00811255526732007, "pro_close": 0.0, "hbond_sr_bb": 0.0, "hbond_lr_bb": 0.0, "hbond_bb_sc": 0.0, "hbond_sc": -0.5895471840772052, "dslf_fa13": 0.0, "omega": 0.0, "fa_dun": 0.0, "p_aa_pp": 0.0, "yhh_planarity": 0.0, "ref": 0.0, "rama_prepro": 0.0, "total_score": -9.312828294297324}, "xyz_unbound": -130.86028738893435, "xyz_bound": -132.03938175708868, "xyz_\u2206\u2206G": -1.179094368154324, "unbound_ref2015": {"fa_atr": 0.0, "fa_rep": 0.0, "fa_sol": 0.0, "fa_intra_rep": 23.45740909002745, "fa_intra_sol_xover4": 0.5602482738894403, "lk_ball_wtd": 0.0, "fa_elec": 0.0, "pro_close": 0.0, "hbond_sr_bb": 0.0, "hbond_lr_bb": 0.0, "hbond_bb_sc": 0.0, "hbond_sc": 0.0, "dslf_fa13": 0.0, "omega": 0.0, "fa_dun": 0.0, "p_aa_pp": 0.0, "yhh_planarity": 0.0, "ref": 0.0, "rama_prepro": 0.0, "total_score": 0.6775353193395776}}, "mRMSD": 1.9286244542974882, "RMSDs": []}