{"Energy": {"holo_ref2015": -257.35830092653026, "ligand_ref2015": {"fa_atr": -16.48604050281496, "fa_rep": 12.114195698694187, "fa_sol": -3.1129615603870837, "fa_intra_rep": 308.9839996828352, "fa_intra_sol_xover4": 0.9464043729645449, "lk_ball_wtd": -0.4126931379366797, "fa_elec": 0.21799998017281422, "pro_close": 0.0, "hbond_sr_bb": 0.0, "hbond_lr_bb": 0.0, "hbond_bb_sc": 0.0, "hbond_sc": 0.0, "dslf_fa13": 0.0, "omega": 0.0, "fa_dun": 0.0, "p_aa_pp": 0.0, "yhh_planarity": 0.0, "ref": 0.0, "rama_prepro": 0.0, "total_score": -10.639563215305381}, "xyz_unbound": -257.35830092653026, "xyz_bound": -257.35830092653026, "xyz_\u2206\u2206G": 0.0, "unbound_ref2015": {"fa_atr": 0.0, "fa_rep": 0.0, "fa_sol": 0.0, "fa_intra_rep": 12.80768205522455, "fa_intra_sol_xover4": 0.8293174965453851, "lk_ball_wtd": 0.0, "fa_elec": 0.0, "pro_close": 0.0, "hbond_sr_bb": 0.0, "hbond_lr_bb": 0.0, "hbond_bb_sc": 0.0, "hbond_sc": 0.0, "dslf_fa13": 0.0, "omega": 0.0, "fa_dun": 0.0, "p_aa_pp": 0.0, "yhh_planarity": 0.0, "ref": 0.0, "rama_prepro": 0.0, "total_score": 0.8933559068215079}}, "mRMSD": 0.4443746229878069, "RMSDs": []}