{"Energy": {"holo_ref2015": -216.1744905660054, "ligand_ref2015": {"fa_atr": -14.753536130403278, "fa_rep": 8.171234590321548, "fa_sol": 3.114134491840918, "fa_intra_rep": 1087.4102811884575, "fa_intra_sol_xover4": 4.446694928463494, "lk_ball_wtd": -0.8538846046316093, "fa_elec": -0.2368523646621808, "pro_close": 0.0, "hbond_sr_bb": 0.0, "hbond_lr_bb": 0.0, "hbond_bb_sc": 0.0, "hbond_sc": 0.0, "dslf_fa13": 0.0, "omega": 0.0, "fa_dun": 0.0, "p_aa_pp": 0.0, "yhh_planarity": 0.0, "ref": 0.0, "rama_prepro": 0.0, "total_score": 1.6477867512264825}, "xyz_unbound": -216.1744905660054, "xyz_bound": -216.1744905660054, "xyz_\u2206\u2206G": 0.0, "unbound_ref2015": {"fa_atr": 0.0, "fa_rep": 0.0, "fa_sol": 0.0, "fa_intra_rep": 13.769662348962054, "fa_intra_sol_xover4": 1.5877148854856813, "lk_ball_wtd": 0.0, "fa_elec": 0.0, "pro_close": 0.0, "hbond_sr_bb": 0.0, "hbond_lr_bb": 0.0, "hbond_bb_sc": 0.0, "hbond_sc": 0.0, "dslf_fa13": 0.0, "omega": 0.0, "fa_dun": 0.0, "p_aa_pp": 0.0, "yhh_planarity": 0.0, "ref": 0.0, "rama_prepro": 0.0, "total_score": 1.6565631972304915}}, "mRMSD": 1.5957410751582997, "RMSDs": []}