{"Energy": {"holo_ref2015": -198.4512448949207, "ligand_ref2015": {"fa_atr": -14.884709378231715, "fa_rep": 7.412922968989768, "fa_sol": -0.25516968585299077, "fa_intra_rep": 849.4440520303989, "fa_intra_sol_xover4": 6.229195898975486, "lk_ball_wtd": -0.23172863670126012, "fa_elec": -0.17607432066590278, "pro_close": 0.0, "hbond_sr_bb": 0.0, "hbond_lr_bb": 0.0, "hbond_bb_sc": 0.0, "hbond_sc": -0.43728807931538194, "dslf_fa13": 0.0, "omega": 0.0, "fa_dun": 0.0, "p_aa_pp": 0.0, "yhh_planarity": 0.0, "ref": 0.0, "rama_prepro": 0.0, "total_score": -1.4314463086953981}, "xyz_unbound": -197.5766687362899, "xyz_bound": -198.4512448949207, "xyz_\u2206\u2206G": -0.8745761586308163, "unbound_ref2015": {"fa_atr": 0.0, "fa_rep": 0.0, "fa_sol": 0.0, "fa_intra_rep": 14.076106094115922, "fa_intra_sol_xover4": 1.4228577313800561, "lk_ball_wtd": 0.0, "fa_elec": 0.0, "pro_close": 0.0, "hbond_sr_bb": 0.0, "hbond_lr_bb": 0.0, "hbond_bb_sc": 0.0, "hbond_sc": 0.0, "dslf_fa13": 0.0, "omega": 0.0, "fa_dun": 0.0, "p_aa_pp": 0.0, "yhh_planarity": 0.0, "ref": 0.0, "rama_prepro": 0.0, "total_score": 1.4932382618506357}}, "mRMSD": 1.4267328891008664, "RMSDs": []}