{"Energy": {"holo_ref2015": -111.8189970031957, "ligand_ref2015": {"fa_atr": -27.090741797688963, "fa_rep": 123.60213032772096, "fa_sol": 7.131467634272469, "fa_intra_rep": 152.3659340872792, "fa_intra_sol_xover4": 0.6075420831329974, "lk_ball_wtd": -1.1216670990108843, "fa_elec": -0.6177524538297942, "pro_close": 0.0, "hbond_sr_bb": 0.0, "hbond_lr_bb": 0.0, "hbond_bb_sc": 0.0, "hbond_sc": -0.15003738877204587, "dslf_fa13": 0.0, "omega": 0.0, "fa_dun": 0.0, "p_aa_pp": 0.0, "yhh_planarity": 0.0, "ref": 0.0, "rama_prepro": 0.0, "total_score": 47.501812328786706}, "xyz_unbound": -111.51892222565158, "xyz_bound": -111.8189970031957, "xyz_\u2206\u2206G": -0.3000747775441255, "unbound_ref2015": {"fa_atr": 0.0, "fa_rep": 0.0, "fa_sol": 0.0, "fa_intra_rep": 17.780729519659765, "fa_intra_sol_xover4": 1.8764741989113911, "lk_ball_wtd": 0.0, "fa_elec": 0.0, "pro_close": 0.0, "hbond_sr_bb": 0.0, "hbond_lr_bb": 0.0, "hbond_bb_sc": 0.0, "hbond_sc": 0.0, "dslf_fa13": 0.0, "omega": 0.0, "fa_dun": 0.0, "p_aa_pp": 0.0, "yhh_planarity": 0.0, "ref": 0.0, "rama_prepro": 0.0, "total_score": 1.96537784650969}}, "mRMSD": 2.1960862747000465, "RMSDs": []}