{"Energy": {"holo_ref2015": -164.24345639972597, "ligand_ref2015": {"fa_atr": -11.035543696857935, "fa_rep": 2.6426819648975033, "fa_sol": 1.8985525804033627, "fa_intra_rep": 70.7988700118599, "fa_intra_sol_xover4": 1.2858563640520424, "lk_ball_wtd": -0.46917235544075664, "fa_elec": -0.38089722093093414, "pro_close": 0.0, "hbond_sr_bb": 0.0, "hbond_lr_bb": 0.0, "hbond_bb_sc": 0.0, "hbond_sc": 0.0, "dslf_fa13": 0.0, "omega": 0.0, "fa_dun": 0.0, "p_aa_pp": 0.0, "yhh_planarity": 0.0, "ref": 0.0, "rama_prepro": 0.0, "total_score": -6.893734898021293}, "xyz_unbound": -164.24345639972597, "xyz_bound": -164.24345639972597, "xyz_\u2206\u2206G": 0.0, "unbound_ref2015": {"fa_atr": 0.0, "fa_rep": 0.0, "fa_sol": 0.0, "fa_intra_rep": 15.349585675110633, "fa_intra_sol_xover4": 0.9772611019050564, "lk_ball_wtd": 0.0, "fa_elec": 0.0, "pro_close": 0.0, "hbond_sr_bb": 0.0, "hbond_lr_bb": 0.0, "hbond_bb_sc": 0.0, "hbond_sc": 0.0, "dslf_fa13": 0.0, "omega": 0.0, "fa_dun": 0.0, "p_aa_pp": 0.0, "yhh_planarity": 0.0, "ref": 0.0, "rama_prepro": 0.0, "total_score": 1.0540090302806095}}, "mRMSD": 0.9829852953676833, "RMSDs": []}