{"Energy": {"holo_ref2015": -174.17321385976985, "ligand_ref2015": {"fa_atr": -18.263739259085035, "fa_rep": 11.267531708935497, "fa_sol": -0.2518112734446612, "fa_intra_rep": 506.67866659389136, "fa_intra_sol_xover4": 4.693347237277268, "lk_ball_wtd": 0.037122951054112896, "fa_elec": 0.17032654231839475, "pro_close": 0.0, "hbond_sr_bb": 0.0, "hbond_lr_bb": 0.0, "hbond_bb_sc": 0.0, "hbond_sc": 0.0, "dslf_fa13": 0.0, "omega": 0.0, "fa_dun": 0.0, "p_aa_pp": 0.0, "yhh_planarity": 0.0, "ref": 0.0, "rama_prepro": 0.0, "total_score": -4.88421802899594}, "xyz_unbound": -174.17321385976985, "xyz_bound": -174.17321385976985, "xyz_\u2206\u2206G": 0.0, "unbound_ref2015": {"fa_atr": 0.0, "fa_rep": 0.0, "fa_sol": 0.0, "fa_intra_rep": 17.369563916305122, "fa_intra_sol_xover4": 1.4156092535925637, "lk_ball_wtd": 0.0, "fa_elec": 0.0, "pro_close": 0.0, "hbond_sr_bb": 0.0, "hbond_lr_bb": 0.0, "hbond_bb_sc": 0.0, "hbond_sc": 0.0, "dslf_fa13": 0.0, "omega": 0.0, "fa_dun": 0.0, "p_aa_pp": 0.0, "yhh_planarity": 0.0, "ref": 0.0, "rama_prepro": 0.0, "total_score": 1.5024570731740894}}, "mRMSD": 0.8722713836110102, "RMSDs": []}