{"Energy": {"holo_ref2015": 398.0075967054396, "ligand_ref2015": {"fa_atr": -21.76066046706171, "fa_rep": 15.001424921305732, "fa_sol": 0.7252517137898887, "fa_intra_rep": 149.34156607205978, "fa_intra_sol_xover4": -0.6406497337783927, "lk_ball_wtd": -0.748170031484914, "fa_elec": 6.591525894610387e-05, "pro_close": 0.0, "hbond_sr_bb": 0.0, "hbond_lr_bb": 0.0, "hbond_bb_sc": 0.0, "hbond_sc": 0.0, "dslf_fa13": 0.0, "omega": 0.0, "fa_dun": 0.0, "p_aa_pp": 0.0, "yhh_planarity": 0.0, "ref": 0.0, "rama_prepro": 0.0, "total_score": -13.426671066197732}, "xyz_unbound": 398.0075967054396, "xyz_bound": 398.0075967054396, "xyz_\u2206\u2206G": 0.0, "unbound_ref2015": {"fa_atr": 0.0, "fa_rep": 0.0, "fa_sol": 0.0, "fa_intra_rep": 17.23839074533535, "fa_intra_sol_xover4": 1.3985755806716962, "lk_ball_wtd": 0.0, "fa_elec": 0.0, "pro_close": 0.0, "hbond_sr_bb": 0.0, "hbond_lr_bb": 0.0, "hbond_bb_sc": 0.0, "hbond_sc": 0.0, "dslf_fa13": 0.0, "omega": 0.0, "fa_dun": 0.0, "p_aa_pp": 0.0, "yhh_planarity": 0.0, "ref": 0.0, "rama_prepro": 0.0, "total_score": 1.4847675343983728}}, "mRMSD": 1.803331563321822, "RMSDs": []}