{"Energy": {"holo_ref2015": 125.57845628401687, "ligand_ref2015": {"fa_atr": -19.44609273544499, "fa_rep": 7.5250723320884605, "fa_sol": 3.081275162825714, "fa_intra_rep": 163.8919656415968, "fa_intra_sol_xover4": 0.46799474566570753, "lk_ball_wtd": -0.7015283173158589, "fa_elec": -0.4060829547878493, "pro_close": 0.0, "hbond_sr_bb": 0.0, "hbond_lr_bb": 0.0, "hbond_bb_sc": 0.0, "hbond_sc": 0.0, "dslf_fa13": 0.0, "omega": 0.0, "fa_dun": 0.0, "p_aa_pp": 0.0, "yhh_planarity": 0.0, "ref": 0.0, "rama_prepro": 0.0, "total_score": -12.046184488200637}, "xyz_unbound": 125.57845628401687, "xyz_bound": 125.57845628401687, "xyz_\u2206\u2206G": 0.0, "unbound_ref2015": {"fa_atr": 0.0, "fa_rep": 0.0, "fa_sol": 0.0, "fa_intra_rep": 14.540812523014814, "fa_intra_sol_xover4": 0.5635387937429231, "lk_ball_wtd": 0.0, "fa_elec": 0.0, "pro_close": 0.0, "hbond_sr_bb": 0.0, "hbond_lr_bb": 0.0, "hbond_bb_sc": 0.0, "hbond_sc": 0.0, "dslf_fa13": 0.0, "omega": 0.0, "fa_dun": 0.0, "p_aa_pp": 0.0, "yhh_planarity": 0.0, "ref": 0.0, "rama_prepro": 0.0, "total_score": 0.6362428563579973}}, "mRMSD": 1.9128554758341176, "RMSDs": []}