{"Energy": {"holo_ref2015": 140.51116164122132, "ligand_ref2015": {"fa_atr": -18.23975267723051, "fa_rep": 6.3711128649307085, "fa_sol": 3.7677851884799036, "fa_intra_rep": 334.05378136300664, "fa_intra_sol_xover4": 1.7474250533192144, "lk_ball_wtd": -0.23927243560603223, "fa_elec": -0.2300327990242374, "pro_close": 0.0, "hbond_sr_bb": 0.0, "hbond_lr_bb": 0.0, "hbond_bb_sc": 0.0, "hbond_sc": 0.0, "dslf_fa13": 0.0, "omega": 0.0, "fa_dun": 0.0, "p_aa_pp": 0.0, "yhh_planarity": 0.0, "ref": 0.0, "rama_prepro": 0.0, "total_score": -8.019466687534736}, "xyz_unbound": 140.51116164122132, "xyz_bound": 140.51116164122132, "xyz_\u2206\u2206G": 0.0, "unbound_ref2015": {"fa_atr": 0.0, "fa_rep": 0.0, "fa_sol": 0.0, "fa_intra_rep": 14.282105687281243, "fa_intra_sol_xover4": 1.0614399022168195, "lk_ball_wtd": 0.0, "fa_elec": 0.0, "pro_close": 0.0, "hbond_sr_bb": 0.0, "hbond_lr_bb": 0.0, "hbond_bb_sc": 0.0, "hbond_sc": 0.0, "dslf_fa13": 0.0, "omega": 0.0, "fa_dun": 0.0, "p_aa_pp": 0.0, "yhh_planarity": 0.0, "ref": 0.0, "rama_prepro": 0.0, "total_score": 1.1328504306532257}}, "mRMSD": 1.5270736939213718, "RMSDs": []}