{"Energy": {"holo_ref2015": -219.8217479137285, "ligand_ref2015": {"fa_atr": -17.0911980404972, "fa_rep": 9.531559366055589, "fa_sol": -1.669457904383924, "fa_intra_rep": 183.6323185805924, "fa_intra_sol_xover4": -0.5406885665423486, "lk_ball_wtd": -0.5365814554994968, "fa_elec": 0.14312112060362067, "pro_close": 0.0, "hbond_sr_bb": 0.0, "hbond_lr_bb": 0.0, "hbond_bb_sc": 0.0, "hbond_sc": 0.0, "dslf_fa13": 0.0, "omega": 0.0, "fa_dun": 0.0, "p_aa_pp": 0.0, "yhh_planarity": 0.0, "ref": 0.0, "rama_prepro": 0.0, "total_score": -13.534285602085813}, "xyz_unbound": -219.8217479137285, "xyz_bound": -219.8217479137285, "xyz_\u2206\u2206G": 0.0, "unbound_ref2015": {"fa_atr": 0.0, "fa_rep": 0.0, "fa_sol": 0.0, "fa_intra_rep": 17.168094306293543, "fa_intra_sol_xover4": 1.1473959831118765, "lk_ball_wtd": 0.0, "fa_elec": 0.0, "pro_close": 0.0, "hbond_sr_bb": 0.0, "hbond_lr_bb": 0.0, "hbond_bb_sc": 0.0, "hbond_sc": 0.0, "dslf_fa13": 0.0, "omega": 0.0, "fa_dun": 0.0, "p_aa_pp": 0.0, "yhh_planarity": 0.0, "ref": 0.0, "rama_prepro": 0.0, "total_score": 1.2332364546433443}}, "mRMSD": 1.1927638072979911, "RMSDs": []}