{"Energy": {"holo_ref2015": -133.70445524088325, "ligand_ref2015": {"fa_atr": -10.896465402060437, "fa_rep": 2.7122002229546576, "fa_sol": 0.14467040884660504, "fa_intra_rep": 102.7741791365005, "fa_intra_sol_xover4": 3.583314647464132, "lk_ball_wtd": -0.21913227185625062, "fa_elec": -0.03781088966402367, "pro_close": 0.0, "hbond_sr_bb": 0.0, "hbond_lr_bb": 0.0, "hbond_bb_sc": 0.0, "hbond_sc": 0.0, "dslf_fa13": 0.0, "omega": 0.0, "fa_dun": 0.0, "p_aa_pp": 0.0, "yhh_planarity": 0.0, "ref": 0.0, "rama_prepro": 0.0, "total_score": -5.419842488962411}, "xyz_unbound": -133.70445524088325, "xyz_bound": -133.70445524088325, "xyz_\u2206\u2206G": 0.0, "unbound_ref2015": {"fa_atr": 0.0, "fa_rep": 0.0, "fa_sol": 0.0, "fa_intra_rep": 21.387534644134636, "fa_intra_sol_xover4": 1.2535987216498923, "lk_ball_wtd": 0.0, "fa_elec": 0.0, "pro_close": 0.0, "hbond_sr_bb": 0.0, "hbond_lr_bb": 0.0, "hbond_bb_sc": 0.0, "hbond_sc": 0.0, "dslf_fa13": 0.0, "omega": 0.0, "fa_dun": 0.0, "p_aa_pp": 0.0, "yhh_planarity": 0.0, "ref": 0.0, "rama_prepro": 0.0, "total_score": 1.3605363948705655}}, "mRMSD": 1.6234476623839762, "RMSDs": []}