{"Energy": {"holo_ref2015": -140.36923277867322, "ligand_ref2015": {"fa_atr": -22.91271478821538, "fa_rep": 18.908064793246442, "fa_sol": -2.3419054622512534, "fa_intra_rep": 435.89936872656216, "fa_intra_sol_xover4": 1.4132099433585368, "lk_ball_wtd": -0.8394311002884067, "fa_elec": 0.14668477561420534, "pro_close": 0.0, "hbond_sr_bb": 0.0, "hbond_lr_bb": 0.0, "hbond_bb_sc": 0.0, "hbond_sc": 0.0, "dslf_fa13": 0.0, "omega": 0.0, "fa_dun": 0.0, "p_aa_pp": 0.0, "yhh_planarity": 0.0, "ref": 0.0, "rama_prepro": 0.0, "total_score": -11.955224151863941}, "xyz_unbound": -140.36923277867322, "xyz_bound": -140.36923277867322, "xyz_\u2206\u2206G": 0.0, "unbound_ref2015": {"fa_atr": 0.0, "fa_rep": 0.0, "fa_sol": 0.0, "fa_intra_rep": 15.103028127509962, "fa_intra_sol_xover4": 0.8894946534195741, "lk_ball_wtd": 0.0, "fa_elec": 0.0, "pro_close": 0.0, "hbond_sr_bb": 0.0, "hbond_lr_bb": 0.0, "hbond_bb_sc": 0.0, "hbond_sc": 0.0, "dslf_fa13": 0.0, "omega": 0.0, "fa_dun": 0.0, "p_aa_pp": 0.0, "yhh_planarity": 0.0, "ref": 0.0, "rama_prepro": 0.0, "total_score": 0.965009794057124}}, "mRMSD": 1.1006582121621586, "RMSDs": []}