{"Energy": {"holo_ref2015": -175.68179661386532, "ligand_ref2015": {"fa_atr": -13.758143984806027, "fa_rep": 10.5274084314266, "fa_sol": -1.8892779927286416, "fa_intra_rep": 1241.0005147345355, "fa_intra_sol_xover4": 3.547656210073432, "lk_ball_wtd": -0.3176224348385564, "fa_elec": 0.07622561035211749, "pro_close": 0.0, "hbond_sr_bb": 0.0, "hbond_lr_bb": 0.0, "hbond_bb_sc": 0.0, "hbond_sc": 0.0, "dslf_fa13": 0.0, "omega": 0.0, "fa_dun": 0.0, "p_aa_pp": 0.0, "yhh_planarity": 0.0, "ref": 0.0, "rama_prepro": 0.0, "total_score": -0.34608538099036795}, "xyz_unbound": -175.68179661386532, "xyz_bound": -175.68179661386532, "xyz_\u2206\u2206G": 0.0, "unbound_ref2015": {"fa_atr": 0.0, "fa_rep": 0.0, "fa_sol": 0.0, "fa_intra_rep": 15.965561758652518, "fa_intra_sol_xover4": 1.0788944537732683, "lk_ball_wtd": 0.0, "fa_elec": 0.0, "pro_close": 0.0, "hbond_sr_bb": 0.0, "hbond_lr_bb": 0.0, "hbond_bb_sc": 0.0, "hbond_sc": 0.0, "dslf_fa13": 0.0, "omega": 0.0, "fa_dun": 0.0, "p_aa_pp": 0.0, "yhh_planarity": 0.0, "ref": 0.0, "rama_prepro": 0.0, "total_score": 1.158722262566531}}, "mRMSD": 1.4885303322404952, "RMSDs": []}