{"Energy": {"holo_ref2015": -232.6954641688885, "ligand_ref2015": {"fa_atr": -16.27176333184008, "fa_rep": 10.197873198899538, "fa_sol": -2.2613009280957606, "fa_intra_rep": 198.7111607799288, "fa_intra_sol_xover4": 0.871290125468274, "lk_ball_wtd": -0.5465430084308269, "fa_elec": 0.31830027968480795, "pro_close": 0.0, "hbond_sr_bb": 0.0, "hbond_lr_bb": 0.0, "hbond_bb_sc": 0.0, "hbond_sc": 0.0, "dslf_fa13": 0.0, "omega": 0.0, "fa_dun": 0.0, "p_aa_pp": 0.0, "yhh_planarity": 0.0, "ref": 0.0, "rama_prepro": 0.0, "total_score": -11.287630799919196}, "xyz_unbound": -232.6954641688885, "xyz_bound": -232.6954641688885, "xyz_\u2206\u2206G": 0.0, "unbound_ref2015": {"fa_atr": 0.0, "fa_rep": 0.0, "fa_sol": 0.0, "fa_intra_rep": 15.45105582974344, "fa_intra_sol_xover4": 1.5180747120618312, "lk_ball_wtd": 0.0, "fa_elec": 0.0, "pro_close": 0.0, "hbond_sr_bb": 0.0, "hbond_lr_bb": 0.0, "hbond_bb_sc": 0.0, "hbond_sc": 0.0, "dslf_fa13": 0.0, "omega": 0.0, "fa_dun": 0.0, "p_aa_pp": 0.0, "yhh_planarity": 0.0, "ref": 0.0, "rama_prepro": 0.0, "total_score": 1.5953299912105483}}, "mRMSD": 0.5871333202214687, "RMSDs": []}