{"Energy": {"holo_ref2015": -218.25226939049944, "ligand_ref2015": {"fa_atr": -13.623869452354004, "fa_rep": 6.956650555816291, "fa_sol": -1.3398109141019305, "fa_intra_rep": 62.353052941173566, "fa_intra_sol_xover4": 0.5458919446987891, "lk_ball_wtd": -0.17204550867644666, "fa_elec": 0.1946365596876218, "pro_close": 0.0, "hbond_sr_bb": 0.0, "hbond_lr_bb": 0.0, "hbond_bb_sc": 0.0, "hbond_sc": 0.0, "dslf_fa13": 0.0, "omega": 0.0, "fa_dun": 0.0, "p_aa_pp": 0.0, "yhh_planarity": 0.0, "ref": 0.0, "rama_prepro": 0.0, "total_score": -10.257274300341143}, "xyz_unbound": -218.25226939049944, "xyz_bound": -218.25226939049944, "xyz_\u2206\u2206G": 0.0, "unbound_ref2015": {"fa_atr": 0.0, "fa_rep": 0.0, "fa_sol": 0.0, "fa_intra_rep": 13.562568993467384, "fa_intra_sol_xover4": 0.7094696268332429, "lk_ball_wtd": 0.0, "fa_elec": 0.0, "pro_close": 0.0, "hbond_sr_bb": 0.0, "hbond_lr_bb": 0.0, "hbond_bb_sc": 0.0, "hbond_sc": 0.0, "dslf_fa13": 0.0, "omega": 0.0, "fa_dun": 0.0, "p_aa_pp": 0.0, "yhh_planarity": 0.0, "ref": 0.0, "rama_prepro": 0.0, "total_score": 0.7772824718005797}}, "mRMSD": 1.4653079962279347, "RMSDs": []}