{"Energy": {"holo_ref2015": -153.14402940373898, "ligand_ref2015": {"fa_atr": -14.936932180449888, "fa_rep": 10.55772021425468, "fa_sol": 1.7475477882637591, "fa_intra_rep": 239.55589846277974, "fa_intra_sol_xover4": -0.7469891136925787, "lk_ball_wtd": -0.8307221072490453, "fa_elec": 0.05309172106340561, "pro_close": 0.0, "hbond_sr_bb": 0.0, "hbond_lr_bb": 0.0, "hbond_bb_sc": 0.0, "hbond_sc": 0.0, "dslf_fa13": 0.0, "omega": 0.0, "fa_dun": 0.0, "p_aa_pp": 0.0, "yhh_planarity": 0.0, "ref": 0.0, "rama_prepro": 0.0, "total_score": -7.709478281910375}, "xyz_unbound": -153.14402940373898, "xyz_bound": -153.14402940373898, "xyz_\u2206\u2206G": 0.0, "unbound_ref2015": {"fa_atr": 0.0, "fa_rep": 0.0, "fa_sol": 0.0, "fa_intra_rep": 16.11914472298325, "fa_intra_sol_xover4": 1.1289241298202621, "lk_ball_wtd": 0.0, "fa_elec": 0.0, "pro_close": 0.0, "hbond_sr_bb": 0.0, "hbond_lr_bb": 0.0, "hbond_bb_sc": 0.0, "hbond_sc": 0.0, "dslf_fa13": 0.0, "omega": 0.0, "fa_dun": 0.0, "p_aa_pp": 0.0, "yhh_planarity": 0.0, "ref": 0.0, "rama_prepro": 0.0, "total_score": 1.2095198534351783}}, "mRMSD": 1.6536647817881092, "RMSDs": []}