{"Energy": {"holo_ref2015": -160.5675489813892, "ligand_ref2015": {"fa_atr": -17.56580125847914, "fa_rep": 9.916891838888972, "fa_sol": -2.709957997949328, "fa_intra_rep": 167.12770623617234, "fa_intra_sol_xover4": 1.330776862499012, "lk_ball_wtd": -0.3793363497036099, "fa_elec": 0.2387070886978943, "pro_close": 0.0, "hbond_sr_bb": 0.0, "hbond_lr_bb": 0.0, "hbond_bb_sc": 0.0, "hbond_sc": 0.0, "dslf_fa13": 0.0, "omega": 0.0, "fa_dun": 0.0, "p_aa_pp": 0.0, "yhh_planarity": 0.0, "ref": 0.0, "rama_prepro": 0.0, "total_score": -12.795682612365374}, "xyz_unbound": -160.5675489813892, "xyz_bound": -160.5675489813892, "xyz_\u2206\u2206G": 0.0, "unbound_ref2015": {"fa_atr": 0.0, "fa_rep": 0.0, "fa_sol": 0.0, "fa_intra_rep": 19.57813608699788, "fa_intra_sol_xover4": 1.1337126411560967, "lk_ball_wtd": 0.0, "fa_elec": 0.0, "pro_close": 0.0, "hbond_sr_bb": 0.0, "hbond_lr_bb": 0.0, "hbond_bb_sc": 0.0, "hbond_sc": 0.0, "dslf_fa13": 0.0, "omega": 0.0, "fa_dun": 0.0, "p_aa_pp": 0.0, "yhh_planarity": 0.0, "ref": 0.0, "rama_prepro": 0.0, "total_score": 1.2316033215910862}}, "mRMSD": 1.152009632965126, "RMSDs": []}