{"Energy": {"holo_ref2015": 132.09139293851374, "ligand_ref2015": {"fa_atr": -30.38258981309499, "fa_rep": 77.29523533917849, "fa_sol": 5.985280553293935, "fa_intra_rep": 239.54586010787824, "fa_intra_sol_xover4": 1.395914008857114, "lk_ball_wtd": -0.7739013936672523, "fa_elec": -0.07811897724453082, "pro_close": 0.0, "hbond_sr_bb": 0.0, "hbond_lr_bb": 0.0, "hbond_bb_sc": 0.0, "hbond_sc": 0.0, "dslf_fa13": 0.0, "omega": 0.0, "fa_dun": 0.0, "p_aa_pp": 0.0, "yhh_planarity": 0.0, "ref": 0.0, "rama_prepro": 0.0, "total_score": 19.856693115231838}, "xyz_unbound": 132.09139293851374, "xyz_bound": 132.09139293851374, "xyz_\u2206\u2206G": 0.0, "unbound_ref2015": {"fa_atr": 0.0, "fa_rep": 0.0, "fa_sol": 0.0, "fa_intra_rep": 15.214514639192778, "fa_intra_sol_xover4": 1.2499328004134456, "lk_ball_wtd": 0.0, "fa_elec": 0.0, "pro_close": 0.0, "hbond_sr_bb": 0.0, "hbond_lr_bb": 0.0, "hbond_bb_sc": 0.0, "hbond_sc": 0.0, "dslf_fa13": 0.0, "omega": 0.0, "fa_dun": 0.0, "p_aa_pp": 0.0, "yhh_planarity": 0.0, "ref": 0.0, "rama_prepro": 0.0, "total_score": 1.3260053736094095}}, "mRMSD": 1.4292593653124455, "RMSDs": []}