{"Energy": {"holo_ref2015": -142.39078026242015, "ligand_ref2015": {"fa_atr": -18.348841590037487, "fa_rep": 9.31470345589859, "fa_sol": 1.9076540406211384, "fa_intra_rep": 257.26731830093956, "fa_intra_sol_xover4": 3.0209758251333643, "lk_ball_wtd": -0.7305077436501713, "fa_elec": -0.532893288738528, "pro_close": 0.0, "hbond_sr_bb": 0.0, "hbond_lr_bb": 0.0, "hbond_bb_sc": 0.0, "hbond_sc": -0.1366401463171779, "dslf_fa13": 0.0, "omega": 0.0, "fa_dun": 0.0, "p_aa_pp": 0.0, "yhh_planarity": 0.0, "ref": 0.0, "rama_prepro": 0.0, "total_score": -8.410829410739941}, "xyz_unbound": -142.1174999697858, "xyz_bound": -142.39078026242015, "xyz_\u2206\u2206G": -0.2732802926343538, "unbound_ref2015": {"fa_atr": 0.0, "fa_rep": 0.0, "fa_sol": 0.0, "fa_intra_rep": 17.471378465572442, "fa_intra_sol_xover4": 1.8519599685372876, "lk_ball_wtd": 0.0, "fa_elec": 0.0, "pro_close": 0.0, "hbond_sr_bb": 0.0, "hbond_lr_bb": 0.0, "hbond_bb_sc": 0.0, "hbond_sc": 0.0, "dslf_fa13": 0.0, "omega": 0.0, "fa_dun": 0.0, "p_aa_pp": 0.0, "yhh_planarity": 0.0, "ref": 0.0, "rama_prepro": 0.0, "total_score": 1.9393168608651499}}, "mRMSD": 1.2774772219619341, "RMSDs": []}