{"Energy": {"holo_ref2015": -145.85687310572897, "ligand_ref2015": {"fa_atr": -19.59975123214302, "fa_rep": 13.238769426339385, "fa_sol": -0.9468849560732238, "fa_intra_rep": 873.7463463497652, "fa_intra_sol_xover4": 2.4248095638254146, "lk_ball_wtd": -0.4949860085994581, "fa_elec": 0.1450807741255142, "pro_close": 0.0, "hbond_sr_bb": 0.0, "hbond_lr_bb": 0.0, "hbond_bb_sc": 0.0, "hbond_sc": 0.0, "dslf_fa13": 0.0, "omega": 0.0, "fa_dun": 0.0, "p_aa_pp": 0.0, "yhh_planarity": 0.0, "ref": 0.0, "rama_prepro": 0.0, "total_score": -6.821676942629283}, "xyz_unbound": -145.85687310572897, "xyz_bound": -145.85687310572897, "xyz_\u2206\u2206G": 0.0, "unbound_ref2015": {"fa_atr": 0.0, "fa_rep": 0.0, "fa_sol": 0.0, "fa_intra_rep": 22.26060687118508, "fa_intra_sol_xover4": 1.524720469243866, "lk_ball_wtd": 0.0, "fa_elec": 0.0, "pro_close": 0.0, "hbond_sr_bb": 0.0, "hbond_lr_bb": 0.0, "hbond_bb_sc": 0.0, "hbond_sc": 0.0, "dslf_fa13": 0.0, "omega": 0.0, "fa_dun": 0.0, "p_aa_pp": 0.0, "yhh_planarity": 0.0, "ref": 0.0, "rama_prepro": 0.0, "total_score": 1.6360235035997914}}, "mRMSD": 0.4594780855613369, "RMSDs": []}