{"Energy": {"holo_ref2015": -80.58614763079296, "ligand_ref2015": {"fa_atr": -17.78322266895317, "fa_rep": 9.228401890384886, "fa_sol": 1.1581577235795972, "fa_intra_rep": 193.58834880486, "fa_intra_sol_xover4": 2.2468642868224498, "lk_ball_wtd": -0.3709432089760906, "fa_elec": -0.4058673909873491, "pro_close": 0.0, "hbond_sr_bb": 0.0, "hbond_lr_bb": 0.0, "hbond_bb_sc": 0.0, "hbond_sc": -0.7301198136153126, "dslf_fa13": 0.0, "omega": 0.0, "fa_dun": 0.0, "p_aa_pp": 0.0, "yhh_planarity": 0.0, "ref": 0.0, "rama_prepro": 0.0, "total_score": -9.841568288393885}, "xyz_unbound": -79.12590800356233, "xyz_bound": -80.58614763079296, "xyz_\u2206\u2206G": -1.460239627230635, "unbound_ref2015": {"fa_atr": 0.0, "fa_rep": 0.0, "fa_sol": 0.0, "fa_intra_rep": 13.986104863566144, "fa_intra_sol_xover4": 1.2422842486465737, "lk_ball_wtd": 0.0, "fa_elec": 0.0, "pro_close": 0.0, "hbond_sr_bb": 0.0, "hbond_lr_bb": 0.0, "hbond_bb_sc": 0.0, "hbond_sc": 0.0, "dslf_fa13": 0.0, "omega": 0.0, "fa_dun": 0.0, "p_aa_pp": 0.0, "yhh_planarity": 0.0, "ref": 0.0, "rama_prepro": 0.0, "total_score": 1.3122147729644045}}, "mRMSD": 1.9471562238300244, "RMSDs": []}