{"Energy": {"holo_ref2015": -15.610371560554112, "ligand_ref2015": {"fa_atr": -29.267462265466595, "fa_rep": 38.98168728753346, "fa_sol": 6.435018897909265, "fa_intra_rep": 240.89062870022167, "fa_intra_sol_xover4": 1.9151185411056353, "lk_ball_wtd": -1.0094163819943482, "fa_elec": 0.2643988808451007, "pro_close": 0.0, "hbond_sr_bb": 0.0, "hbond_lr_bb": 0.0, "hbond_bb_sc": 0.0, "hbond_sc": 0.0, "dslf_fa13": 0.0, "omega": 0.0, "fa_dun": 0.0, "p_aa_pp": 0.0, "yhh_planarity": 0.0, "ref": 0.0, "rama_prepro": 0.0, "total_score": 0.9820388240435705}, "xyz_unbound": -15.610371560554112, "xyz_bound": -15.610371560554112, "xyz_\u2206\u2206G": 0.0, "unbound_ref2015": {"fa_atr": 0.0, "fa_rep": 0.0, "fa_sol": 0.0, "fa_intra_rep": 13.887653313474473, "fa_intra_sol_xover4": 1.1959067160541457, "lk_ball_wtd": 0.0, "fa_elec": 0.0, "pro_close": 0.0, "hbond_sr_bb": 0.0, "hbond_lr_bb": 0.0, "hbond_bb_sc": 0.0, "hbond_sc": 0.0, "dslf_fa13": 0.0, "omega": 0.0, "fa_dun": 0.0, "p_aa_pp": 0.0, "yhh_planarity": 0.0, "ref": 0.0, "rama_prepro": 0.0, "total_score": 1.265344982621518}}, "mRMSD": 1.7966762865278285, "RMSDs": []}