{"Energy": {"holo_ref2015": -288.99429193683767, "ligand_ref2015": {"fa_atr": -14.095487959859689, "fa_rep": 6.973783714992222, "fa_sol": -1.7836090755440104, "fa_intra_rep": 243.08180030834376, "fa_intra_sol_xover4": 1.4066421146327313, "lk_ball_wtd": -0.04300235114106404, "fa_elec": 0.14077920953386774, "pro_close": 0.0, "hbond_sr_bb": 0.0, "hbond_lr_bb": 0.0, "hbond_bb_sc": 0.0, "hbond_sc": -0.1461239905044505, "dslf_fa13": 0.0, "omega": 0.0, "fa_dun": 0.0, "p_aa_pp": 0.0, "yhh_planarity": 0.0, "ref": 0.0, "rama_prepro": 0.0, "total_score": -9.469812008095174}, "xyz_unbound": -288.70204395582874, "xyz_bound": -288.99429193683767, "xyz_\u2206\u2206G": -0.2922479810089271, "unbound_ref2015": {"fa_atr": 0.0, "fa_rep": 0.0, "fa_sol": 0.0, "fa_intra_rep": 13.739369058321424, "fa_intra_sol_xover4": 0.9534225395661208, "lk_ball_wtd": 0.0, "fa_elec": 0.0, "pro_close": 0.0, "hbond_sr_bb": 0.0, "hbond_lr_bb": 0.0, "hbond_bb_sc": 0.0, "hbond_sc": 0.0, "dslf_fa13": 0.0, "omega": 0.0, "fa_dun": 0.0, "p_aa_pp": 0.0, "yhh_planarity": 0.0, "ref": 0.0, "rama_prepro": 0.0, "total_score": 1.022119384857728}}, "mRMSD": 0.5791503086418929, "RMSDs": []}