{"Energy": {"holo_ref2015": -212.85065806960327, "ligand_ref2015": {"fa_atr": -22.039475473235242, "fa_rep": 29.013604029738737, "fa_sol": 3.1410261105185215, "fa_intra_rep": 350.235499530275, "fa_intra_sol_xover4": 1.169665690296298, "lk_ball_wtd": -0.47276543855621084, "fa_elec": -0.06842813813339892, "pro_close": 0.0, "hbond_sr_bb": 0.0, "hbond_lr_bb": 0.0, "hbond_bb_sc": 0.0, "hbond_sc": 0.0, "dslf_fa13": 0.0, "omega": 0.0, "fa_dun": 0.0, "p_aa_pp": 0.0, "yhh_planarity": 0.0, "ref": 0.0, "rama_prepro": 0.0, "total_score": -0.5613175351023517}, "xyz_unbound": -212.85065806960327, "xyz_bound": -212.85065806960327, "xyz_\u2206\u2206G": 0.0, "unbound_ref2015": {"fa_atr": 0.0, "fa_rep": 0.0, "fa_sol": 0.0, "fa_intra_rep": 16.071843767864717, "fa_intra_sol_xover4": 0.825577688726853, "lk_ball_wtd": 0.0, "fa_elec": 0.0, "pro_close": 0.0, "hbond_sr_bb": 0.0, "hbond_lr_bb": 0.0, "hbond_bb_sc": 0.0, "hbond_sc": 0.0, "dslf_fa13": 0.0, "omega": 0.0, "fa_dun": 0.0, "p_aa_pp": 0.0, "yhh_planarity": 0.0, "ref": 0.0, "rama_prepro": 0.0, "total_score": 0.9059369075661766}}, "mRMSD": 0.5705308444286293, "RMSDs": []}