{"Energy": {"holo_ref2015": -257.35778017797463, "ligand_ref2015": {"fa_atr": -14.216578394720171, "fa_rep": 7.6183526141755795, "fa_sol": -0.04368190101304809, "fa_intra_rep": 347.8935695823263, "fa_intra_sol_xover4": 0.21613054973010296, "lk_ball_wtd": -0.40354102265454667, "fa_elec": -0.06491935730515325, "pro_close": 0.0, "hbond_sr_bb": 0.0, "hbond_lr_bb": 0.0, "hbond_bb_sc": 0.0, "hbond_sc": 0.0, "dslf_fa13": 0.0, "omega": 0.0, "fa_dun": 0.0, "p_aa_pp": 0.0, "yhh_planarity": 0.0, "ref": 0.0, "rama_prepro": 0.0, "total_score": -8.583028340254616}, "xyz_unbound": -257.35778017797463, "xyz_bound": -257.35778017797463, "xyz_\u2206\u2206G": 0.0, "unbound_ref2015": {"fa_atr": 0.0, "fa_rep": 0.0, "fa_sol": 0.0, "fa_intra_rep": 14.021970035727934, "fa_intra_sol_xover4": 1.5509088821361665, "lk_ball_wtd": 0.0, "fa_elec": 0.0, "pro_close": 0.0, "hbond_sr_bb": 0.0, "hbond_lr_bb": 0.0, "hbond_bb_sc": 0.0, "hbond_sc": 0.0, "dslf_fa13": 0.0, "omega": 0.0, "fa_dun": 0.0, "p_aa_pp": 0.0, "yhh_planarity": 0.0, "ref": 0.0, "rama_prepro": 0.0, "total_score": 1.6210187323148062}}, "mRMSD": 0.9316206488337048, "RMSDs": []}