{"Energy": {"holo_ref2015": 21.372260981714728, "ligand_ref2015": {"fa_atr": -22.73201317490567, "fa_rep": 21.72447605505448, "fa_sol": -0.13873754664380217, "fa_intra_rep": 336.3319600636892, "fa_intra_sol_xover4": 0.3936245554981642, "lk_ball_wtd": -0.41578564328397244, "fa_elec": -0.0017603356413659432, "pro_close": 0.0, "hbond_sr_bb": 0.0, "hbond_lr_bb": 0.0, "hbond_bb_sc": 0.0, "hbond_sc": 0.0, "dslf_fa13": 0.0, "omega": 0.0, "fa_dun": 0.0, "p_aa_pp": 0.0, "yhh_planarity": 0.0, "ref": 0.0, "rama_prepro": 0.0, "total_score": -9.264550514378238}, "xyz_unbound": 21.372260981714728, "xyz_bound": 21.372260981714728, "xyz_\u2206\u2206G": 0.0, "unbound_ref2015": {"fa_atr": 0.0, "fa_rep": 0.0, "fa_sol": 0.0, "fa_intra_rep": 20.93446602902507, "fa_intra_sol_xover4": 0.7809780115034689, "lk_ball_wtd": 0.0, "fa_elec": 0.0, "pro_close": 0.0, "hbond_sr_bb": 0.0, "hbond_lr_bb": 0.0, "hbond_bb_sc": 0.0, "hbond_sc": 0.0, "dslf_fa13": 0.0, "omega": 0.0, "fa_dun": 0.0, "p_aa_pp": 0.0, "yhh_planarity": 0.0, "ref": 0.0, "rama_prepro": 0.0, "total_score": 0.8856503416485942}}, "mRMSD": 0.4656113961472839, "RMSDs": []}