{"Energy": {"holo_ref2015": -125.090319595797, "ligand_ref2015": {"fa_atr": -20.45087775543992, "fa_rep": 19.919434400163905, "fa_sol": -1.1927955975355267, "fa_intra_rep": 1333.980009769507, "fa_intra_sol_xover4": 2.5888159709291636, "lk_ball_wtd": -0.35745694300641667, "fa_elec": 0.3885162196029819, "pro_close": 0.0, "hbond_sr_bb": 0.0, "hbond_lr_bb": 0.0, "hbond_bb_sc": 0.0, "hbond_sc": 0.0, "dslf_fa13": 0.0, "omega": 0.0, "fa_dun": 0.0, "p_aa_pp": 0.0, "yhh_planarity": 0.0, "ref": 0.0, "rama_prepro": 0.0, "total_score": -1.3982091365120337}, "xyz_unbound": -125.090319595797, "xyz_bound": -125.090319595797, "xyz_\u2206\u2206G": 0.0, "unbound_ref2015": {"fa_atr": 0.0, "fa_rep": 0.0, "fa_sol": 0.0, "fa_intra_rep": 22.280647953925882, "fa_intra_sol_xover4": 1.6091521952717862, "lk_ball_wtd": 0.0, "fa_elec": 0.0, "pro_close": 0.0, "hbond_sr_bb": 0.0, "hbond_lr_bb": 0.0, "hbond_bb_sc": 0.0, "hbond_sc": 0.0, "dslf_fa13": 0.0, "omega": 0.0, "fa_dun": 0.0, "p_aa_pp": 0.0, "yhh_planarity": 0.0, "ref": 0.0, "rama_prepro": 0.0, "total_score": 1.7205554350414156}}, "mRMSD": 0.6266930623873576, "RMSDs": []}