{"Energy": {"holo_ref2015": -169.84097457675412, "ligand_ref2015": {"fa_atr": -29.511858410334874, "fa_rep": 88.65852181618173, "fa_sol": 6.246516425280169, "fa_intra_rep": 29.076663881435188, "fa_intra_sol_xover4": 1.540824048525156, "lk_ball_wtd": -0.9387925076842571, "fa_elec": -0.12695817677464863, "pro_close": 0.0, "hbond_sr_bb": 0.0, "hbond_lr_bb": 0.0, "hbond_bb_sc": 0.0, "hbond_sc": 0.0, "dslf_fa13": 0.0, "omega": 0.0, "fa_dun": 0.0, "p_aa_pp": 0.0, "yhh_planarity": 0.0, "ref": 0.0, "rama_prepro": 0.0, "total_score": 26.117301697318677}, "xyz_unbound": -169.84097457675412, "xyz_bound": -169.84097457675412, "xyz_\u2206\u2206G": 0.0, "unbound_ref2015": {"fa_atr": 0.0, "fa_rep": 0.0, "fa_sol": 0.0, "fa_intra_rep": 13.947897246628473, "fa_intra_sol_xover4": 1.7567469087418883, "lk_ball_wtd": 0.0, "fa_elec": 0.0, "pro_close": 0.0, "hbond_sr_bb": 0.0, "hbond_lr_bb": 0.0, "hbond_bb_sc": 0.0, "hbond_sc": 0.0, "dslf_fa13": 0.0, "omega": 0.0, "fa_dun": 0.0, "p_aa_pp": 0.0, "yhh_planarity": 0.0, "ref": 0.0, "rama_prepro": 0.0, "total_score": 1.8264863949750307}}, "mRMSD": 2.368051916660612, "RMSDs": []}