{"Energy": {"holo_ref2015": -271.3532417472124, "ligand_ref2015": {"fa_atr": -15.282394992840098, "fa_rep": 12.379569069708047, "fa_sol": -2.5731855107805788, "fa_intra_rep": 47.819790267626125, "fa_intra_sol_xover4": 0.9664096110513251, "lk_ball_wtd": -0.5081876488891603, "fa_elec": 0.07241218686839004, "pro_close": 0.0, "hbond_sr_bb": 0.0, "hbond_lr_bb": 0.0, "hbond_bb_sc": 0.0, "hbond_sc": 0.0, "dslf_fa13": 0.0, "omega": 0.0, "fa_dun": 0.0, "p_aa_pp": 0.0, "yhh_planarity": 0.0, "ref": 0.0, "rama_prepro": 0.0, "total_score": -10.277084414912565}, "xyz_unbound": -271.3532417472124, "xyz_bound": -271.3532417472124, "xyz_\u2206\u2206G": 0.0, "unbound_ref2015": {"fa_atr": 0.0, "fa_rep": 0.0, "fa_sol": 0.0, "fa_intra_rep": 14.813696059706707, "fa_intra_sol_xover4": 0.8437347772738121, "lk_ball_wtd": 0.0, "fa_elec": 0.0, "pro_close": 0.0, "hbond_sr_bb": 0.0, "hbond_lr_bb": 0.0, "hbond_bb_sc": 0.0, "hbond_sc": 0.0, "dslf_fa13": 0.0, "omega": 0.0, "fa_dun": 0.0, "p_aa_pp": 0.0, "yhh_planarity": 0.0, "ref": 0.0, "rama_prepro": 0.0, "total_score": 0.9178032575723456}}, "mRMSD": 0.9497265959963729, "RMSDs": []}