{"Energy": {"holo_ref2015": -123.08868668661913, "ligand_ref2015": {"fa_atr": -17.091394583576577, "fa_rep": 12.757040793259131, "fa_sol": 1.6474326538003592, "fa_intra_rep": 713.7095142468247, "fa_intra_sol_xover4": 5.235039792498527, "lk_ball_wtd": -0.6887132264781078, "fa_elec": -0.1481277341114367, "pro_close": 0.0, "hbond_sr_bb": 0.0, "hbond_lr_bb": 0.0, "hbond_bb_sc": 0.0, "hbond_sc": 0.0, "dslf_fa13": 0.0, "omega": 0.0, "fa_dun": 0.0, "p_aa_pp": 0.0, "yhh_planarity": 0.0, "ref": 0.0, "rama_prepro": 0.0, "total_score": -0.4608430903405882}, "xyz_unbound": -123.08868668661913, "xyz_bound": -123.08868668661913, "xyz_\u2206\u2206G": 0.0, "unbound_ref2015": {"fa_atr": 0.0, "fa_rep": 0.0, "fa_sol": 0.0, "fa_intra_rep": 14.76643175318412, "fa_intra_sol_xover4": 0.9856669582150398, "lk_ball_wtd": 0.0, "fa_elec": 0.0, "pro_close": 0.0, "hbond_sr_bb": 0.0, "hbond_lr_bb": 0.0, "hbond_bb_sc": 0.0, "hbond_sc": 0.0, "dslf_fa13": 0.0, "omega": 0.0, "fa_dun": 0.0, "p_aa_pp": 0.0, "yhh_planarity": 0.0, "ref": 0.0, "rama_prepro": 0.0, "total_score": 1.0594991169809604}}, "mRMSD": 1.515164760017866, "RMSDs": []}