{"Energy": {"holo_ref2015": -183.72962874517765, "ligand_ref2015": {"fa_atr": -18.3994058654827, "fa_rep": 11.846182472792051, "fa_sol": 1.2851747007622971, "fa_intra_rep": 754.743515674816, "fa_intra_sol_xover4": 2.525412145868609, "lk_ball_wtd": -0.4661844208484821, "fa_elec": 0.09910982612854397, "pro_close": 0.0, "hbond_sr_bb": 0.0, "hbond_lr_bb": 0.0, "hbond_bb_sc": 0.0, "hbond_sc": 0.0, "dslf_fa13": 0.0, "omega": 0.0, "fa_dun": 0.0, "p_aa_pp": 0.0, "yhh_planarity": 0.0, "ref": 0.0, "rama_prepro": 0.0, "total_score": -4.6667756751620235}, "xyz_unbound": -183.72962874517765, "xyz_bound": -183.72962874517765, "xyz_\u2206\u2206G": 0.0, "unbound_ref2015": {"fa_atr": 0.0, "fa_rep": 0.0, "fa_sol": 0.0, "fa_intra_rep": 14.915295849526196, "fa_intra_sol_xover4": 1.189800500930301, "lk_ball_wtd": 0.0, "fa_elec": 0.0, "pro_close": 0.0, "hbond_sr_bb": 0.0, "hbond_lr_bb": 0.0, "hbond_bb_sc": 0.0, "hbond_sc": 0.0, "dslf_fa13": 0.0, "omega": 0.0, "fa_dun": 0.0, "p_aa_pp": 0.0, "yhh_planarity": 0.0, "ref": 0.0, "rama_prepro": 0.0, "total_score": 1.2643769801779319}}, "mRMSD": 1.436497198048086, "RMSDs": []}