{"Energy": {"holo_ref2015": -153.96678803804335, "ligand_ref2015": {"fa_atr": -15.495118226617768, "fa_rep": 9.489979722237708, "fa_sol": -1.9298367215855508, "fa_intra_rep": 178.2653953760918, "fa_intra_sol_xover4": 1.0618103316599248, "lk_ball_wtd": -0.405436205458379, "fa_elec": 0.2777386059067469, "pro_close": 0.0, "hbond_sr_bb": 0.0, "hbond_lr_bb": 0.0, "hbond_bb_sc": 0.0, "hbond_sc": 0.0, "dslf_fa13": 0.0, "omega": 0.0, "fa_dun": 0.0, "p_aa_pp": 0.0, "yhh_planarity": 0.0, "ref": 0.0, "rama_prepro": 0.0, "total_score": -10.380026391983828}, "xyz_unbound": -153.96678803804335, "xyz_bound": -153.96678803804335, "xyz_\u2206\u2206G": 0.0, "unbound_ref2015": {"fa_atr": 0.0, "fa_rep": 0.0, "fa_sol": 0.0, "fa_intra_rep": 13.584755182524303, "fa_intra_sol_xover4": 0.6488815692965784, "lk_ball_wtd": 0.0, "fa_elec": 0.0, "pro_close": 0.0, "hbond_sr_bb": 0.0, "hbond_lr_bb": 0.0, "hbond_bb_sc": 0.0, "hbond_sc": 0.0, "dslf_fa13": 0.0, "omega": 0.0, "fa_dun": 0.0, "p_aa_pp": 0.0, "yhh_planarity": 0.0, "ref": 0.0, "rama_prepro": 0.0, "total_score": 0.7168053452091999}}, "mRMSD": 0.35142958042828437, "RMSDs": []}