{"Energy": {"holo_ref2015": -210.4259993020173, "ligand_ref2015": {"fa_atr": -16.050242416493436, "fa_rep": 11.972318958144884, "fa_sol": 0.1559856481696951, "fa_intra_rep": 113.25870779716789, "fa_intra_sol_xover4": 2.5513292904789946, "lk_ball_wtd": -0.6523885918266971, "fa_elec": 0.15584028616795095, "pro_close": 0.0, "hbond_sr_bb": 0.0, "hbond_lr_bb": 0.0, "hbond_bb_sc": 0.0, "hbond_sc": 0.0, "dslf_fa13": 0.0, "omega": 0.0, "fa_dun": 0.0, "p_aa_pp": 0.0, "yhh_planarity": 0.0, "ref": 0.0, "rama_prepro": 0.0, "total_score": -6.688406817537968}, "xyz_unbound": -210.4259993020173, "xyz_bound": -210.4259993020173, "xyz_\u2206\u2206G": 0.0, "unbound_ref2015": {"fa_atr": 0.0, "fa_rep": 0.0, "fa_sol": 0.0, "fa_intra_rep": 14.078893923860862, "fa_intra_sol_xover4": 2.0051779280116935, "lk_ball_wtd": 0.0, "fa_elec": 0.0, "pro_close": 0.0, "hbond_sr_bb": 0.0, "hbond_lr_bb": 0.0, "hbond_bb_sc": 0.0, "hbond_sc": 0.0, "dslf_fa13": 0.0, "omega": 0.0, "fa_dun": 0.0, "p_aa_pp": 0.0, "yhh_planarity": 0.0, "ref": 0.0, "rama_prepro": 0.0, "total_score": 2.0755723976309977}}, "mRMSD": 0.9321320680610082, "RMSDs": []}