{"Energy": {"holo_ref2015": -209.01564961523314, "ligand_ref2015": {"fa_atr": -18.252248209483916, "fa_rep": 11.74654245936216, "fa_sol": -3.169548566661265, "fa_intra_rep": 428.0946853105041, "fa_intra_sol_xover4": 1.0938257778614529, "lk_ball_wtd": -0.10519590228597345, "fa_elec": 0.272790308265708, "pro_close": 0.0, "hbond_sr_bb": 0.0, "hbond_lr_bb": 0.0, "hbond_bb_sc": 0.0, "hbond_sc": 0.0, "dslf_fa13": 0.0, "omega": 0.0, "fa_dun": 0.0, "p_aa_pp": 0.0, "yhh_planarity": 0.0, "ref": 0.0, "rama_prepro": 0.0, "total_score": -11.559304813102285}, "xyz_unbound": -209.01564961523314, "xyz_bound": -209.01564961523314, "xyz_\u2206\u2206G": 0.0, "unbound_ref2015": {"fa_atr": 0.0, "fa_rep": 0.0, "fa_sol": 0.0, "fa_intra_rep": 14.455448106184978, "fa_intra_sol_xover4": 1.146162762174967, "lk_ball_wtd": 0.0, "fa_elec": 0.0, "pro_close": 0.0, "hbond_sr_bb": 0.0, "hbond_lr_bb": 0.0, "hbond_bb_sc": 0.0, "hbond_sc": 0.0, "dslf_fa13": 0.0, "omega": 0.0, "fa_dun": 0.0, "p_aa_pp": 0.0, "yhh_planarity": 0.0, "ref": 0.0, "rama_prepro": 0.0, "total_score": 1.218440002705892}}, "mRMSD": 0.41461699193351936, "RMSDs": []}