{"Energy": {"holo_ref2015": 182.25050899515443, "ligand_ref2015": {"fa_atr": -18.97964161920642, "fa_rep": 16.098889516292587, "fa_sol": -1.4168614071184242, "fa_intra_rep": 998.2742757743567, "fa_intra_sol_xover4": 0.8995339976514981, "lk_ball_wtd": -0.22024049656051167, "fa_elec": 0.034758953164679904, "pro_close": 0.0, "hbond_sr_bb": 0.0, "hbond_lr_bb": 0.0, "hbond_bb_sc": 0.0, "hbond_sc": 0.0, "dslf_fa13": 0.0, "omega": 0.0, "fa_dun": 0.0, "p_aa_pp": 0.0, "yhh_planarity": 0.0, "ref": 0.0, "rama_prepro": 0.0, "total_score": -5.8366899592364705}, "xyz_unbound": 182.25050899515443, "xyz_bound": 182.25050899515443, "xyz_\u2206\u2206G": 0.0, "unbound_ref2015": {"fa_atr": 0.0, "fa_rep": 0.0, "fa_sol": 0.0, "fa_intra_rep": 21.629117490192872, "fa_intra_sol_xover4": 1.8887839574196117, "lk_ball_wtd": 0.0, "fa_elec": 0.0, "pro_close": 0.0, "hbond_sr_bb": 0.0, "hbond_lr_bb": 0.0, "hbond_bb_sc": 0.0, "hbond_sc": 0.0, "dslf_fa13": 0.0, "omega": 0.0, "fa_dun": 0.0, "p_aa_pp": 0.0, "yhh_planarity": 0.0, "ref": 0.0, "rama_prepro": 0.0, "total_score": 1.996929544870576}}, "mRMSD": 0.9319005222304225, "RMSDs": []}