{"Energy": {"holo_ref2015": -170.42494431447605, "ligand_ref2015": {"fa_atr": -20.534971691469092, "fa_rep": 12.25980308247205, "fa_sol": 1.6346155917049172, "fa_intra_rep": 1225.3792186746066, "fa_intra_sol_xover4": -0.5424813207455256, "lk_ball_wtd": -0.7705795461855741, "fa_elec": -0.33909409332582374, "pro_close": 0.0, "hbond_sr_bb": 0.0, "hbond_lr_bb": 0.0, "hbond_bb_sc": -0.38919117505437, "hbond_sc": 0.0, "dslf_fa13": 0.0, "omega": 0.0, "fa_dun": 0.0, "p_aa_pp": 0.0, "yhh_planarity": 0.0, "ref": 0.0, "rama_prepro": 0.0, "total_score": -8.071914446342806}, "xyz_unbound": -169.64656196436746, "xyz_bound": -170.42494431447605, "xyz_\u2206\u2206G": -0.7783823501085863, "unbound_ref2015": {"fa_atr": 0.0, "fa_rep": 0.0, "fa_sol": 0.0, "fa_intra_rep": 32.714114914289624, "fa_intra_sol_xover4": -0.8195519283908778, "lk_ball_wtd": 0.0, "fa_elec": 0.0, "pro_close": 0.0, "hbond_sr_bb": 0.0, "hbond_lr_bb": 0.0, "hbond_bb_sc": 0.0, "hbond_sc": 0.0, "dslf_fa13": 0.0, "omega": 0.0, "fa_dun": 0.0, "p_aa_pp": 0.0, "yhh_planarity": 0.0, "ref": 0.0, "rama_prepro": 0.0, "total_score": -0.6559813538194297}}, "mRMSD": 2.534409535238472, "RMSDs": []}