{"Energy": {"holo_ref2015": 76.45913460123583, "ligand_ref2015": {"fa_atr": -40.60212230498779, "fa_rep": 331.03477946451164, "fa_sol": 10.26895971172221, "fa_intra_rep": 112.95919195232116, "fa_intra_sol_xover4": 1.4453657329488654, "lk_ball_wtd": -1.4051669889104235, "fa_elec": -0.8755285950055701, "pro_close": 0.0, "hbond_sr_bb": 0.0, "hbond_lr_bb": 0.0, "hbond_bb_sc": 0.0, "hbond_sc": 0.0, "dslf_fa13": 0.0, "omega": 0.0, "fa_dun": 0.0, "p_aa_pp": 0.0, "yhh_planarity": 0.0, "ref": 0.0, "rama_prepro": 0.0, "total_score": 151.4654322210103}, "xyz_unbound": 76.45913460123583, "xyz_bound": 76.45913460123583, "xyz_\u2206\u2206G": 0.0, "unbound_ref2015": {"fa_atr": 0.0, "fa_rep": 0.0, "fa_sol": 0.0, "fa_intra_rep": 15.512453657071946, "fa_intra_sol_xover4": 1.5145586879730712, "lk_ball_wtd": 0.0, "fa_elec": 0.0, "pro_close": 0.0, "hbond_sr_bb": 0.0, "hbond_lr_bb": 0.0, "hbond_bb_sc": 0.0, "hbond_sc": 0.0, "dslf_fa13": 0.0, "omega": 0.0, "fa_dun": 0.0, "p_aa_pp": 0.0, "yhh_planarity": 0.0, "ref": 0.0, "rama_prepro": 0.0, "total_score": 1.592120956258431}}, "mRMSD": 1.955917953715511, "RMSDs": []}