{"Energy": {"holo_ref2015": -141.1477549938253, "ligand_ref2015": {"fa_atr": -17.6567477875573, "fa_rep": 7.420311833854434, "fa_sol": 0.8982939171548707, "fa_intra_rep": 631.325937427628, "fa_intra_sol_xover4": 1.6381290456254316, "lk_ball_wtd": -0.03450093377720734, "fa_elec": 0.009173301342762119, "pro_close": 0.0, "hbond_sr_bb": 0.0, "hbond_lr_bb": 0.0, "hbond_bb_sc": 0.0, "hbond_sc": 0.0, "dslf_fa13": 0.0, "omega": 0.0, "fa_dun": 0.0, "p_aa_pp": 0.0, "yhh_planarity": 0.0, "ref": 0.0, "rama_prepro": 0.0, "total_score": -7.9078512614533665}, "xyz_unbound": -141.1477549938253, "xyz_bound": -141.1477549938253, "xyz_\u2206\u2206G": 0.0, "unbound_ref2015": {"fa_atr": 0.0, "fa_rep": 0.0, "fa_sol": 0.0, "fa_intra_rep": 20.28917462189095, "fa_intra_sol_xover4": 1.3166578376930094, "lk_ball_wtd": 0.0, "fa_elec": 0.0, "pro_close": 0.0, "hbond_sr_bb": 0.0, "hbond_lr_bb": 0.0, "hbond_bb_sc": 0.0, "hbond_sc": 0.0, "dslf_fa13": 0.0, "omega": 0.0, "fa_dun": 0.0, "p_aa_pp": 0.0, "yhh_planarity": 0.0, "ref": 0.0, "rama_prepro": 0.0, "total_score": 1.4181037108024641}}, "mRMSD": 1.7558314080040054, "RMSDs": []}