{"Energy": {"holo_ref2015": -233.915418826938, "ligand_ref2015": {"fa_atr": -15.495474842697066, "fa_rep": 8.421493887450186, "fa_sol": -1.4315072119246992, "fa_intra_rep": 318.26052476237476, "fa_intra_sol_xover4": 0.3259969305810102, "lk_ball_wtd": -0.3433097778957191, "fa_elec": 0.35387833524000284, "pro_close": 0.0, "hbond_sr_bb": 0.0, "hbond_lr_bb": 0.0, "hbond_bb_sc": 0.0, "hbond_sc": 0.0, "dslf_fa13": 0.0, "omega": 0.0, "fa_dun": 0.0, "p_aa_pp": 0.0, "yhh_planarity": 0.0, "ref": 0.0, "rama_prepro": 0.0, "total_score": -10.367292304786995}, "xyz_unbound": -233.915418826938, "xyz_bound": -233.915418826938, "xyz_\u2206\u2206G": 0.0, "unbound_ref2015": {"fa_atr": 0.0, "fa_rep": 0.0, "fa_sol": 0.0, "fa_intra_rep": 11.580474848419776, "fa_intra_sol_xover4": 0.7738123016918036, "lk_ball_wtd": 0.0, "fa_elec": 0.0, "pro_close": 0.0, "hbond_sr_bb": 0.0, "hbond_lr_bb": 0.0, "hbond_bb_sc": 0.0, "hbond_sc": 0.0, "dslf_fa13": 0.0, "omega": 0.0, "fa_dun": 0.0, "p_aa_pp": 0.0, "yhh_planarity": 0.0, "ref": 0.0, "rama_prepro": 0.0, "total_score": 0.8317146759339025}}, "mRMSD": 1.0546476272419427, "RMSDs": []}