{"Energy": {"holo_ref2015": -220.33048932726467, "ligand_ref2015": {"fa_atr": -18.58960661783782, "fa_rep": 11.2172838481132, "fa_sol": -0.3302324710566995, "fa_intra_rep": 1796.3051280643945, "fa_intra_sol_xover4": 0.3045290046167134, "lk_ball_wtd": -0.6495443442731907, "fa_elec": -0.0595803651309546, "pro_close": 0.0, "hbond_sr_bb": 0.0, "hbond_lr_bb": 0.0, "hbond_bb_sc": 0.0, "hbond_sc": 0.0, "dslf_fa13": 0.0, "omega": 0.0, "fa_dun": 0.0, "p_aa_pp": 0.0, "yhh_planarity": 0.0, "ref": 0.0, "rama_prepro": 0.0, "total_score": -4.173403036897718}, "xyz_unbound": -220.33048932726467, "xyz_bound": -220.33048932726467, "xyz_\u2206\u2206G": 0.0, "unbound_ref2015": {"fa_atr": 0.0, "fa_rep": 0.0, "fa_sol": 0.0, "fa_intra_rep": 60.41543976279929, "fa_intra_sol_xover4": -2.075552237626329, "lk_ball_wtd": 0.0, "fa_elec": 0.0, "pro_close": 0.0, "hbond_sr_bb": 0.0, "hbond_lr_bb": 0.0, "hbond_bb_sc": 0.0, "hbond_sc": 0.0, "dslf_fa13": 0.0, "omega": 0.0, "fa_dun": 0.0, "p_aa_pp": 0.0, "yhh_planarity": 0.0, "ref": 0.0, "rama_prepro": 0.0, "total_score": -1.7734750388123324}}, "mRMSD": 1.6446742331943234, "RMSDs": []}