{"Energy": {"holo_ref2015": -251.2386357579732, "ligand_ref2015": {"fa_atr": -13.86047424877811, "fa_rep": 6.753309345264212, "fa_sol": 1.0679099194423838, "fa_intra_rep": 792.8326729939939, "fa_intra_sol_xover4": 2.307062607118317, "lk_ball_wtd": -0.5939961744865455, "fa_elec": 0.12014426356500178, "pro_close": 0.0, "hbond_sr_bb": 0.0, "hbond_lr_bb": 0.0, "hbond_bb_sc": 0.0, "hbond_sc": 0.0, "dslf_fa13": 0.0, "omega": 0.0, "fa_dun": 0.0, "p_aa_pp": 0.0, "yhh_planarity": 0.0, "ref": 0.0, "rama_prepro": 0.0, "total_score": -3.2808701282736665}, "xyz_unbound": -251.2386357579732, "xyz_bound": -251.2386357579732, "xyz_\u2206\u2206G": 0.0, "unbound_ref2015": {"fa_atr": 0.0, "fa_rep": 0.0, "fa_sol": 0.0, "fa_intra_rep": 14.44821584319723, "fa_intra_sol_xover4": 1.192435567642319, "lk_ball_wtd": 0.0, "fa_elec": 0.0, "pro_close": 0.0, "hbond_sr_bb": 0.0, "hbond_lr_bb": 0.0, "hbond_bb_sc": 0.0, "hbond_sc": 0.0, "dslf_fa13": 0.0, "omega": 0.0, "fa_dun": 0.0, "p_aa_pp": 0.0, "yhh_planarity": 0.0, "ref": 0.0, "rama_prepro": 0.0, "total_score": 1.2646766468583053}}, "mRMSD": 3.051194405474682, "RMSDs": []}